COMCODE,COURSE_NO,TITLE,L,P,U,STAT,SEC,INSTRUCTOR_TIMING_ROOM,EXAM_DETAILS
022983,BITS K101,"Physical Fitness, Health Well-being and Creativity I 1 F 11 12",,,,,,,
022861,BITS F102,INNOVATION AND DESIGN THINKING,,,1,L,1,SANJAY KUMAR W 11 LT4,
022861,BITS F102,INNOVATION AND DESIGN THINKING,,,1,L,2,Sanjay Kumar TH 11 LT4,
022861,BITS F102,INNOVATION AND DESIGN THINKING,,,1,L,3,Sanjay Kumar F 11 LT4,
022861,BITS F102,INNOVATION AND DESIGN THINKING,,,1,T,1,Arun V Kulkarni TBA C403,
022861,BITS F102,INNOVATION AND DESIGN THINKING,,,1,T,2,Debasis Patnaik TBA C403,
022861,BITS F102,INNOVATION AND DESIGN THINKING,,,1,T,3,Ganesh Madhav Bapat TBA C403,
022861,BITS F102,INNOVATION AND DESIGN THINKING,,,1,T,4,Kizheppatt Vipin TBA C403,
022861,BITS F102,INNOVATION AND DESIGN THINKING,,,1,T,5,Mali Kiran Dinkar TBA C403,
022861,BITS F102,INNOVATION AND DESIGN THINKING,,,1,T,6,Rajesh Barik TBA C403,
022861,BITS F102,INNOVATION AND DESIGN THINKING,,,1,T,7,Rajiv Kumar Chaturvedi TBA C403,
022861,BITS F102,INNOVATION AND DESIGN THINKING,,,1,T,8,Ramprasad Joshi TBA C403,
022861,BITS F102,INNOVATION AND DESIGN THINKING,,,1,T,9,Ranjan Dey TBA C403,
022861,BITS F102,INNOVATION AND DESIGN THINKING,,,1,T,10,Saurabh Chandrakant Patankar TBA C403,
022861,BITS F102,INNOVATION AND DESIGN THINKING,,,1,T,11,Sharad Sontakke TBA C403,
022861,BITS F102,INNOVATION AND DESIGN THINKING,,,1,T,12,Sonal Ayakar TBA C403,
022861,BITS F102,INNOVATION AND DESIGN THINKING,,,1,T,13,Subhadeep Banerjee TBA C403,
022861,BITS F102,INNOVATION AND DESIGN THINKING,,,1,T,14,Sumit Biswas TBA C403,
022861,BITS F102,INNOVATION AND DESIGN THINKING,,,1,I,1,Anirban Roy,
022861,BITS F102,INNOVATION AND DESIGN THINKING,,,1,I,2,Saroj Sundar Baral,
022862,BITS F103,ENGINEERING DESIGN & PROTOTYPING,,,4,L,1,AVINASH KUMAR MEHTA / Iniyan Thiruselvam N / Prasad Vinayak Patil / Rahul Palulli T 1 F 7 LT4 Saturday TBA,"16/05/26 (AN) | 07/03/26,"
022862,BITS F103,ENGINEERING DESIGN & PROTOTYPING,,,4,L,2,Iniyan Thiruselvam N / Prasad Vinayak Patil / Saurabh Tiwari /Varinder Singh T 9 F 1 LT4,
022862,BITS F103,ENGINEERING DESIGN & PROTOTYPING,,,4,P,1,"Sandeep Jose , Saurabh Tiwari M 8 9 CC 219",
022862,BITS F103,ENGINEERING DESIGN & PROTOTYPING,,,4,P,1,TH 2 3 WS,
022862,BITS F103,ENGINEERING DESIGN & PROTOTYPING,,,4,P,2,"Sandeep Jose , Saurabh Tiwari M 8 9 CC 219",
022862,BITS F103,ENGINEERING DESIGN & PROTOTYPING,,,4,P,2,F 4 5 WS,
022862,BITS F103,ENGINEERING DESIGN & PROTOTYPING,,,4,P,3,"Avinash Kumar Mehta , Rahul Palulli W 4 5 CC 219",
022862,BITS F103,ENGINEERING DESIGN & PROTOTYPING,,,4,P,3,M 4 5 WS,
022862,BITS F103,ENGINEERING DESIGN & PROTOTYPING,,,4,P,4,"Avinash Kumar Mehta , Rahul Palulli W 4 5 CC 219",
022862,BITS F103,ENGINEERING DESIGN & PROTOTYPING,,,4,P,4,F 4 5 WS,
022862,BITS F103,ENGINEERING DESIGN & PROTOTYPING,,,4,P,5,"Nilesh Dadasaheb Pawar , Sandeep Jose W 8 9 CC 219",
022862,BITS F103,ENGINEERING DESIGN & PROTOTYPING,,,4,P,5,M 8 9 WS,
022862,BITS F103,ENGINEERING DESIGN & PROTOTYPING,,,4,P,6,"Nilesh Dadasaheb Pawar , Sandeep Jose W 8 9 CC 219",
022862,BITS F103,ENGINEERING DESIGN & PROTOTYPING,,,4,P,6,M 2 3 WS,
022862,BITS F103,ENGINEERING DESIGN & PROTOTYPING,,,4,P,7,"Avinash Kumar Mehta , Nilesh Dadasaheb Pawar F 2 3 CC 219",
022862,BITS F103,ENGINEERING DESIGN & PROTOTYPING,,,4,P,7,W 2 3 WS,
022862,BITS F103,ENGINEERING DESIGN & PROTOTYPING,,,4,P,8,"Avinash Kumar Mehta , Nilesh Dadasaheb Pawar F 2 3 CC 219",
022862,BITS F103,ENGINEERING DESIGN & PROTOTYPING,,,4,P,8,M 2 3 WS,
021004,BITS F111,THERMODYNAMICS,3,0,3,L,1,Saurabh Tiwari / Shibu Clement M W 4 LT4,"09/05/26 (AN) | 11/03/26, | Wednesday | 4:00 PM - | 5:30 PM"
021004,BITS F111,THERMODYNAMICS,3,0,3,T,11,Saurabh Tiwari / Shibu Clement F 4 TH 1 LT4,
021004,BITS F111,THERMODYNAMICS,3,0,3,T,12,Teny Theresa John F 4 TH 1 C401,
021004,BITS F111,THERMODYNAMICS,3,0,3,T,13,Aabhaas Vineet Mallik F 4 TH 1 C307,
021004,BITS F111,THERMODYNAMICS,3,0,3,L,2,MRUNALINI KAWADUJI GAYDHANE / Ranjan Dey M W 8 LT3,
021004,BITS F111,THERMODYNAMICS,3,0,3,T,21,Mrunalini Kawaduji Gaydhane / Ranjan Dey F 8 TH 1 LT3,
021004,BITS F111,THERMODYNAMICS,3,0,3,T,22,Samarshi Chakraborty F 8 TH 1 DLT6,
021004,BITS F111,THERMODYNAMICS,3,0,3,T,23,Manas Ranjan Behera F 8 TH 1 A508,
021004,BITS F111,THERMODYNAMICS,3,0,3,L,3,Jayadevan K P / Nilesh Dadasaheb Pawar T TH 4 LT2,
021004,BITS F111,THERMODYNAMICS,3,0,3,T,31,Jayadevan K P / Nilesh Dadasaheb Pawar W 1 TH 1 LT2,
021004,BITS F111,THERMODYNAMICS,3,0,3,T,32,Rudranil Basu W 1 TH 1 DLT8,
021860,BITS F114,GENERAL MATHEMATICS II,,,3,L,1,PRASANNA KUMAR N TBA TBA TBA,
021632,BITS F225,INTRODUCTION TO ENVIRONMENTAL STUDIES 3 0 3 L 1,,,,,,,30/04/25 (FN) TBA
022517,BITS F232,FOUND OF DATA STRUC & ALGO,3,1,4,L,1,BHARAT M DESHPANDE M W F 9 LT2,"16/05/26 (FN) | 07/03/26, | Saturday | 11:30 AM - | 1:00 PM"
022517,BITS F232,FOUND OF DATA STRUC & ALGO,3,1,4,P,1,Bharat M Deshpande M 11 12 CC 219,
022752,BITS F241,SYSTEMS ENGINEERING PRINCIPLES,,,3,L,1,RAMPRASAD JOSHI W 4 L201 TBA TBA,
021334,BITS F312,NEURAL NETWORKS AND FUZZY LOGIC,3,0,3,L,1,SUJITH THOMAS M W F 4 DLT6,"14/05/26 (FN) | 13/03/26, | Friday | 4:00 PM - | 5:30 PM"
021511,BITS F316,NONLINEAR DYNAMICS AND CHAOS,3,0,3,L,1,GAURAV DAR M T 7 TH 5,"C302 07/05/26 (AN) | 10/03/26, | Tuesday | 4:00 PM - | 5:30 PM"
022193,BITS F317,THEORETICAL NEUROSCIENCE,3,0,3,L,1,TOBY JOSEPH T TH 10 M 7 C404 BITS F235 DIGITAL FUNDAMENTALS OES 4 L 1 TBA M 3 4 L201 BITS F235 DIGITAL FUNDAMENTALS OES 4 L 1 TBA F 3 4 TBA,"09/05/26 (AN) | 11/03/26, | Wednesday | 4:00 PM - | 5:30 PM"
022336,BITS F327,ARTIFICIAL INTELLIGENCE FOR ROBOTICS,2,1,3,L,1,PRASAD VINAYAK PATIL M W F 8 A604,"05/05/26 (FN) | 09/03/26, | Monday | 4:00 PM - | 5:30 PM"
022336,BITS F327,ARTIFICIAL INTELLIGENCE FOR ROBOTICS,2,1,3,P,1,Prasad Vinayak Patil,
021336,BITS F364,HUMAN – COMPUTER INTERACTION,3,0,3,L,1,SURJYA GHOSH T TH 10 M 7 C306,"09/05/26 (FN) | 11/03/26, | Wednesday | 2:00 PM - | 3:30 PM"
021791,BITS F382,READING COURSE,,,3,R,1,TINCY LIS THOMAS,
021337,BITS F386,QUANTUM INFORMATION AND COMPUTATION,3,0,3,L,1,SANJIB DEY M W F 8 C401,"05/05/26 (FN) | 09/03/26, | Monday | 4:00 PM - | 5:30 PM"
021248,BITS F415,INTRODUCTION TO MEMS,3,1,4,L,1,DEVENDRA GOKUL PATIL M W F 4 A508,"14/05/26 (FN) | 13/03/26, | Friday | 4:00 PM - | 5:30 PM"
021248,BITS F415,INTRODUCTION TO MEMS,3,1,4,P,1,Devendra Gokul Patil,
021808,BITS F416,INTRO TO NANO SCIENCE,3,0,3,L,1,SUTAPA ROY RAMANAN M W F 9 A503,"16/05/26 (FN) | 07/03/26, | Saturday | 11:30 AM - | 1:00 PM"
021593,BITS F421T,THESIS,,,16,R,1,GAURAV DAR,
021616,BITS F422T,THESIS,,,16,R,1,GAURAV DAR,
021617,BITS F423T,THESIS,,,9,R,1,GAURAV DAR,
021619,BITS F424T,THESIS,,,9,R,1,GAURAV DAR,
022434,BITS F452,BLOCKCHAIN TECHNOLOGY,3,0,3,L,1,SANJAY KUMAR SAHAY T TH 7 8 D103,"02/05/26 (FN) | 12/03/26, | Thursday | 9:30 AM - | 11:00 AM"
021796,BITS F462,RENEWABLE ENERGY,3,0,3,L,1,MUKUND KESHAVRAO DESHMUKH T TH 4 W 1 C308,"12/05/26 (FN) | 14/03/26, | Saturday | 2:00 PM - | 3:30 PM"
021338,BITS F463,CRYPTOGRAPHY,3,0,3,L,1,SUBHADIP SINGHA M W F 8 DLT5,"05/05/26 (FN) | 09/03/26, | Monday | 4:00 PM - | 5:30 PM"
021339,BITS F464,MACHINE LEARNING,3,0,3,L,1,ANAND NARASIMHAMURTHY M W F 9 DLT7,"16/05/26 (FN) | 07/03/26, | Saturday | 11:30 AM - | 1:00 PM"
020499,BITS G511,ADVANCED PROJECT,,,5,R,1,MANOJ KUMAR PANDEY,
020547,BITS G513,STUDY IN ADVANCED TOPICS,,,5,R,1,MANOJ KUMAR PANDEY,
020754,BITS G529,RESEARCH PROJECT I,,,6,R,1,MANOJ KUMAR PANDEY,
020755,BITS G539,RESEARCH PROJECT II,,,6,R,1,MANOJ KUMAR PANDEY,
022003,BITS G540,RESEARCH PRACTICE,0,0,4,R,1,MANOJ KUMAR PANDEY,
020009,BITS G553,REAL TIME SYSTEMS,,,5,L,1,BIJU K RAVEENDRAN M W F 3 D103,"06/05/26 (FN) | 10/03/26, | Tuesday | 9:30 AM - | 11:00 AM"
020501,BITS G554,DATA COMPRESSION,3,1,4,L,1,HARIKRISHNAN N B M W 4 D104,"14/05/26 (FN) | 13/03/26, | Friday | 4:00 PM - | 5:30 PM"
020501,BITS G554,DATA COMPRESSION,3,1,4,P,1,Harikrishnan N B F 4 5 CC 219,
022164,BITS G562T,DISSERTATION,,,16,R,1,MANOJ KUMAR PANDEY,
022165,BITS G563T,DISSERTATION,,,16,R,1,MANOJ KUMAR PANDEY,
022333,BITS G565,DISSERTATION,,,5,R,1,MANOJ KUMAR PANDEY,
020753,BITS G619,PROFESSIONAL PRACTICE,,,4,R,1,MANOJ KUMAR PANDEY,
020801,BITS G620,PROFESSIONAL PRACTICE I,,,4,R,1,MANOJ KUMAR PANDEY,
020803,BITS G621,PROFESSIONAL PRACTICE II,,,3,R,1,MANOJ KUMAR PANDEY,
020756,BITS G629T,DISSERTATION,,,16,R,1,MANOJ KUMAR PANDEY,
020757,BITS G649,READING COURSE,,,5,R,1,MANOJ KUMAR PANDEY,
020601,BITS G654,ADV INSTRUMENTATION TECH,,,5,R,1,MANOJ KUMAR PANDEY,
021180,CHE F241,HEAT TRANSFER,3,0,3,L,1,SUTAPA ROY RAMANAN / Upasana Mahanta M W F 4 A503,"13/05/26 (AN) | 13/03/26, | Friday | 11:30 AM - | 1:00 PM"
021180,CHE F241,HEAT TRANSFER,3,0,3,T,1,Sutapa Roy Ramanan / Upasana Mahanta T 9 A503,
021181,CHE F242,NUMERICAL METHODS FOR CHEMICAL ENGINEERS,3,0,3,L,1,PARAMITA HALDAR M W F 5 A503,"02/05/26 (FN) | 12/03/26, | Thursday | 9:30 AM - | 11:00 AM"
021181,CHE F242,NUMERICAL METHODS FOR CHEMICAL ENGINEERS,3,0,3,T,1,Paramita Haldar F 7 A503,
021182,CHE F243,MATERIAL SCIENCE & ENGINEERING,3,0,3,L,1,RICHA SINGHAL T TH 4 W 1 A503,"11/05/26 (AN) | 14/03/26, | Saturday | 11:30 AM - | 1:00 PM"
021182,CHE F243,MATERIAL SCIENCE & ENGINEERING,3,0,3,T,1,Richa Singhal TH 9 A503,
021183,CHE F244,SEPARATION PROCESSES I,3,0,3,L,1,SAROJ SUNDAR BARAL / Manas Ranjan Behera T TH 5 M 10 A503,"06/05/26 (AN) | 10/03/26, | Tuesday | 11:30 AM - | 1:00 PM"
021183,CHE F244,SEPARATION PROCESSES I,3,0,3,T,1,Saroj Sundar Baral / Manas Ranjan Behera M 1 A503,
021653,CHE F266,STUDY PROJECT,,,3,R,1,SAMPATRAO D MANJARE,
022615,CHE F315,MACHINE LEARNING FOR CHEMICAL ENGINEERS,3,0,3,L,1,RIJU DE T TH 2 F 10 A503,"08/05/26 (AN) | 11/03/26, | Wednesday | 11:30 AM - | 1:00 PM"
021188,CHE F341,CHEMICAL ENGG LAB II,0,3,3,P,1,"SAURABH CHANDRAKANT PATANKAR , Bibek Uprety , Jegatha Nambi Krishnan , Manjuri Kumar , Paramita Haldar , Samarshi Chakraborty , Sundari R T TH 7 8 9",
021189,CHE F342,PROCESS DYN & CONTROL,3,0,3,L,1,"AMOL DESHPANDE , Bibek Uprety T TH 3 W 10 A605","11/05/26 (FN) | 14/03/26, | Saturday | 9:30 AM - | 11:00 AM"
021189,CHE F342,PROCESS DYN & CONTROL,3,0,3,T,1,Amol Deshpande / Bibek Uprety F 1 A605,
021190,CHE F343,PROCESS DES PRINCIPLE II,3,0,3,L,1,SRINIVAS KRISHNASWAMY / Puneet Siwach M W F 2 A605,"06/05/26 (FN) | 10/03/26, | Tuesday | 9:30 AM - | 11:00 AM"
021190,CHE F343,PROCESS DES PRINCIPLE II,3,0,3,T,1,Srinivas Krishnaswamy / Puneet Siwach T 1 A605,
021668,CHE F366,LABORATORY PROJECT,,,3,R,1,SAMPATRAO D MANJARE,
021738,CHE F367,LABORATORY PROJECT,,,3,R,1,SAMPATRAO D MANJARE,
021687,CHE F376,DESIGN PROJECT,,,3,R,1,SAMPATRAO D MANJARE,
021754,CHE F377,DESIGN PROJECT,,,3,R,1,SAMPATRAO D MANJARE,
021206,CHE F411,ENVIRONMENTAL POLLUTION CONTROL,3,0,3,L,1,SAMPATRAO D MANJARE / Anirban Roy M W F 3 A503,"13/05/26 (FN) | 13/03/26, | Friday | 9:30 AM - | 11:00 AM"
021207,CHE F412,PROCESS EQUIPMENT DESIGN,3,0,3,L,1,SUNDARI R M W F 4 A502,"14/05/26 (FN) | 13/03/26, | Friday | 4:00 PM - | 5:30 PM"
021204,CHE F413,PROCESS PLANT SAFETY,3,0,3,L,1,SAROJ SUNDAR BARAL M W F 5 A502,"04/05/26 (FN) | 09/03/26, | Monday | 9:30 AM - | 11:00 AM"
021201,CHE F414,TRANSPORT PHENOMENA,3,0,3,L,1,ASIMA SHAUKAT T TH 5 M 10 A502,"07/05/26 (AN) | 10/03/26, | Tuesday | 4:00 PM - | 5:30 PM"
021203,CHE F419,CHEMICAL PROCESS TECHNOLOGY,3,0,3,L,1,JEGATHA NAMBI KRISHNAN T TH 4 W 1 A505,"12/05/26 (FN) | 14/03/26, | Saturday | 2:00 PM - | 3:30 PM"
022306,CHE F424,RHEOLOGY OF COMPLEX FLUIDS,3,0,3,L,1,ASIMA SHAUKAT M W F 8 A503,"02/05/26 (FN) | 12/03/26, | Thursday | 9:30 AM - | 11:00 AM"
021209,CHE F491,SPECIAL PROJECTS,,,3,R,1,SAMPATRAO D MANJARE,
020847,CHE G522,POLYMER TECHNOLOGY,3,1,4,L,1,MANJURI KUMAR M W F 4 A506,"14/05/26 (FN) | 13/03/26, | Friday | 4:00 PM - | 5:30 PM"
020847,CHE G522,POLYMER TECHNOLOGY,3,1,4,P,1,Manjuri Kumar,
022031,CHE G532,ALTERNATE ENERGY RESOURCES,3,1,4,L,1,ABHISHEK SHARMA M W F 8 A506,"05/05/26 (FN) | 09/03/26, | Monday | 4:00 PM - | 5:30 PM"
022031,CHE G532,ALTERNATE ENERGY RESOURCES,3,1,4,P,1,Abhishek Sharma,
022152,CHE G558,CHEMICAL PROCESS OPTIMIZATION,,,4,L,1,RIJU DE M W F 3 A505,"09/05/26 (FN) | 11/03/26, | Wednesday | 2:00 PM - | 3:30 PM"
020729,CHE G641,REACTION ENGINEERING,,,5,L,1,SRINIVAS KRISHNASWAMY M W F 9 A506,"16/05/26 (AN) | 07/03/26, | Saturday | 2:00 PM - | 3:30 PM"
022864,CHEM F101,FUNDAMENTALS OF CHEMISTRY,,,3,L,1,Bhavana P / Raghu Nath Behera / Subhasish Roy M W 3 LT3,"14/05/26 (AN) | 13/03/26, | Friday | 2:00 PM - | 3:30 PM"
022864,CHEM F101,FUNDAMENTALS OF CHEMISTRY,,,3,L,2,Bhavana P / Raghu Nath Behera / Subhasish Roy T TH 3 LT3,
022864,CHEM F101,FUNDAMENTALS OF CHEMISTRY,,,3,T,1,Rabi Narayan Panda F 3 A501,
022864,CHEM F101,FUNDAMENTALS OF CHEMISTRY,,,3,T,2,Sudipta Chatterjee F 3 C404,
022864,CHEM F101,FUNDAMENTALS OF CHEMISTRY,,,3,T,3,Vankayala Kiran F 3 A603,
022864,CHEM F101,FUNDAMENTALS OF CHEMISTRY,,,3,T,4,Woormileela Sinha F 3 A601,
022864,CHEM F101,FUNDAMENTALS OF CHEMISTRY,,,3,T,5,Rabi Narayan Panda W 10 A503,
022864,CHEM F101,FUNDAMENTALS OF CHEMISTRY,,,3,T,6,Saurav Bhattacharya TH 9 C402,
022864,CHEM F101,FUNDAMENTALS OF CHEMISTRY,,,3,T,7,Subhadeep Banerjee W 10 C301,
022864,CHEM F101,FUNDAMENTALS OF CHEMISTRY,,,3,T,8,Sandip Kumar Nandi W 10 A601,
022864,CHEM F101,FUNDAMENTALS OF CHEMISTRY,,,3,P,1,Jayadevan K P M 2 3,
022864,CHEM F101,FUNDAMENTALS OF CHEMISTRY,,,3,P,2,UTTARA BASU M 4 5,
022864,CHEM F101,FUNDAMENTALS OF CHEMISTRY,,,3,P,3,Amrita Chatterjee T 2 3,
022864,CHEM F101,FUNDAMENTALS OF CHEMISTRY,,,3,P,4,Rashmi Chauhan T 4 5,
022864,CHEM F101,FUNDAMENTALS OF CHEMISTRY,,,3,P,5,Sudipta Chatterjee W 2 3,
022864,CHEM F101,FUNDAMENTALS OF CHEMISTRY,,,3,P,6,Woormileela Sinha W 4 5,
022864,CHEM F101,FUNDAMENTALS OF CHEMISTRY,,,3,P,7,Mainak Banerjee TH 2 3,
022864,CHEM F101,FUNDAMENTALS OF CHEMISTRY,,,3,P,8,Subhasish Roy TH 4 5,
022864,CHEM F101,FUNDAMENTALS OF CHEMISTRY,,,3,P,9,Narendra Nath Ghosh F 2 3,
022864,CHEM F101,FUNDAMENTALS OF CHEMISTRY,,,3,P,10,Saurav Bhattacharya F 4 5,
022864,CHEM F101,FUNDAMENTALS OF CHEMISTRY,,,3,P,11,Uttara Basu F 7 8,
022864,CHEM F101,FUNDAMENTALS OF CHEMISTRY,,,3,P,12,Anjan Chattopadhyay F 9 10,
021006,CHEM F110,CHEMISTRY LABORATORY,,,1,P,1,JAYADEVAN K P TBA,
021007,CHEM F111,GENERAL CHEMISTRY,,,3,L,1,TINCY LIS THOMAS TBA TBA TBA,
021569,CHEM F223,COLLOID AND SURFACE CHEMISTRY,3,0,3,L,1,RAGHU NATH BEHERA T TH 5 M 10 C305,"07/05/26 (AN) | 10/03/26, | Tuesday | 4:00 PM - | 5:30 PM"
021554,CHEM F241,INORGANIC CHEMISTRY II,3,0,3,L,1,SAURAV BHATTACHARYA / Woormileela Sinha T TH 4 W 1 A603,"12/05/26 (FN) | 14/03/26, | Saturday | 2:00 PM - | 3:30 PM"
021554,CHEM F241,INORGANIC CHEMISTRY II,3,0,3,T,1,Saurav Bhattacharya / Woormileela Sinha M 3 A502,
021555,CHEM F242,CHEMICAL EXPER I,0,3,3,P,1,"AMRITA CHATTERJEE , Mainak Banerjee , Sanjay Kumar T TH 7 8 9 F 7 TBA TBA",
021556,CHEM F243,ORGANIC CHEMISTRY II,3,0,3,L,1,SUBHASISH ROY / Rashmi Chauhan / Sanjay Kumar M W F 9 A603,"16/05/26 (FN) | 07/03/26, | Saturday | 11:30 AM - | 1:00 PM"
021556,CHEM F243,ORGANIC CHEMISTRY II,3,0,3,T,1,Subhasish Roy / Rashmi Chauhan / Sanjay Kumar F 3 A502,
021557,CHEM F244,PHYSICAL CHEMISTRY III,3,0,3,L,1,ANJAN CHATTOPADHYAY / Raghu Nath Behera M W F 5 C306,"02/05/26 (AN) | 12/03/26, | Thursday | 11:30 AM - | 1:00 PM"
021557,CHEM F244,PHYSICAL CHEMISTRY III,3,0,3,T,1,Anjan Chattopadhyay / Raghu Nath Behera W 10 C307,
021654,CHEM F266,STUDY PROJECT,,,3,R,1,TINCY LIS THOMAS,
021570,CHEM F323,BIOPHYSICAL CHEMISTRY,3,0,3,L,1,SANDIP KUMAR NANDI / Raviprasad Aduri M W F 4 C305,"14/05/26 (FN) | 13/03/26, | Friday | 4:00 PM - | 5:30 PM"
021572,CHEM F325,POLYMER CHEMISTRY,3,0,3,L,1,RASHMI CHAUHAN / Narendra Nath Ghosh M W F 4 A501,"10/05/26 (FN) | 13/03/26, | Friday | 4:00 PM - | 5:30 PM"
021575,CHEM F326,SOLID STATE CHEMISTRY,3,0,3,L,1,RABI NARAYAN PANDA M W F 8 A603,"05/05/26 (FN) | 09/03/26, | Monday | 4:00 PM - | 5:30 PM"
021577,CHEM F327,ELECTROCHEMISTRY: FUNDAMENTALS AND APPLICATIONS,3,0,3,L,1,VANKAYALA KIRAN / Bhavana P T TH 5 M 10 C306,"07/05/26 (AN) | 10/03/26, | Tuesday | 4:00 PM - | 5:30 PM"
021579,CHEM F328,SUPRAMOLECULAR CHEMISTRY,3,0,3,L,1,MAINAK BANERJEE / Amrita Chatterjee M W F 4 A603,"14/05/26 (FN) | 13/03/26, | Friday | 4:00 PM - | 5:30 PM"
021561,CHEM F341,CHEMICAL EXPERIMENTATION II,0,4,4,P,1,"VANKAYALA KIRAN , Narendra Nath Ghosh , Prakash Halan , Sandip Kumar Nandi , Woormileela Sinha M W 7 8 9",
021562,CHEM F342,ORGANIC CHEMISTRY IV,3,0,3,L,1,TINCY LIS THOMAS / Subhadeep Banerjee M W F 3 C402,"15/05/26 (FN) | 15/03/26, | Sunday | 9:30 AM - | 11:00 AM"
021562,CHEM F342,ORGANIC CHEMISTRY IV,3,0,3,T,1,Tincy Lis Thomas / Subhadeep Banerjee F 8 C402,
021563,CHEM F343,INORGANIC CHEMISTRY III,3,0,3,L,1,SUDIPTA CHATTERJEE / Prakash Halan / Uttara Basu T TH 3 W 10 A603,"08/05/26 (FN) | 11/03/26, | Wednesday | 9:30 AM - | 11:00 AM"
021563,CHEM F343,INORGANIC CHEMISTRY III,3,0,3,T,1,Sudipta Chatterjee / Prakash Halan / Uttara Basu TH 1 A603,
021669,CHEM F366,LABORATORY PROJECT,,,3,R,1,TINCY LIS THOMAS,
021739,CHEM F367,LABORATORY PROJECT,,,3,R,1,TINCY LIS THOMAS,
021688,CHEM F376,DESIGN PROJECT,,,3,R,1,TINCY LIS THOMAS,
021755,CHEM F377,DESIGN PROJECT,,,3,R,1,TINCY LIS THOMAS,
021578,CHEM F414,BIO AND CHEMICAL SENSORS,3,0,3,L,1,SUNIL BHAND M W F 8 C305,"05/05/26 (FN) | 09/03/26, | Monday | 4:00 PM - | 5:30 PM"
021713,CHEM F491,SPECIAL PROJECT,,,3,R,1,BHAVANA P,
022167,BITS G661,RESEARCH METHODOLOGY I,,,5,R,1,"MANOJ KUMAR PANDEY, Saurabh Chandrakant Patankar",
021094,CS F211,DATA STRUCTURES & ALGORITHMS,3,1,4,L,1,ANIKET BASU ROY/ Limaye Girija Deepak M W F 4 LT1,"06/05/26 (AN) | 10/03/26, | Tuesday | 11:30 AM - | 1:00 PM"
021094,CS F211,DATA STRUCTURES & ALGORITHMS,3,1,4,P,1,"Aniket Basu Roy, Limaye Girija Deepak, Siddharth Gupta F 6 7 CC 219",
021094,CS F211,DATA STRUCTURES & ALGORITHMS,3,1,4,P,2,TBA,
021095,CS F212,DATABASE SYSTEMS,3,1,4,L,1,SHUBHANGI GAWALI/ A Baskar T TH 8 M 10 LT1,"13/05/26 (AN) | 13/03/26, | Friday | 11:30 AM - | 1:00 PM"
021095,CS F212,DATABASE SYSTEMS,3,1,4,P,1,Shubhangi Gawali/ A Baskar TH 4 5 CC 219,
021313,CS F241,MICROPROCESSORS & INTERFACING,3,1,4,L,1,MANIDEEPA MUKHERJEE BHAKAT/ Gargi Sanket Prabhu M W 5 TH 9 LT1,"11/05/26 (AN) | 14/03/26, | Saturday | 11:30 AM - | 1:00 PM"
021313,CS F241,MICROPROCESSORS & INTERFACING,3,1,4,T,1,Manideepa Mukherjee Bhakat/ Gargi Sanket Prabhu M 1 LT1,
021313,CS F241,MICROPROCESSORS & INTERFACING,3,1,4,P,1,"Manideepa Mukherjee Bhakat, Gargi Sanket Prabhu T 4 5 CC 219",
021655,CS F266,STUDY PROJECT,,,3,R,1,BHARAT M DESHPANDE,
021320,CS F303,COMPUTER NETWORKS,3,1,4,L,1,SOUGATA SEN T TH 3 W 10 LT1,"13/05/26 (FN) | 13/03/26, | Friday | 9:30 AM - | 11:00 AM"
021320,CS F303,COMPUTER NETWORKS,3,1,4,P,1,Anirban Das M 1 2 CC 219,
021321,CS F314,SOFTWARE DEVELOPMENT FOR PORTABLE DEVICES,2,1,3,L,1,SWAROOP JOSHI W 4 5 C301,"14/05/26 (FN) | 13/03/26, | Friday | 4:00 PM - | 5:30 PM"
021321,CS F314,SOFTWARE DEVELOPMENT FOR PORTABLE DEVICES,2,1,3,P,1,Swaroop Joshi F 4 C301,
022266,CS F320,FOUNDATIONS OF DATA SCIENCE,3,0,3,L,1,SNEHANSHU SAHA M W F 8 DLT8,"05/05/26 (FN) | 09/03/26, | Monday | 4:00 PM - | 5:30 PM"
022624,CS F321,SYSTEM SECURITY,3,0,3,L,1,KUNAL KISHORE KORGAONKAR M W F 5 C307,"04/05/26 (FN) | 09/03/26, | Monday | 9:30 AM - | 11:00 AM"
021318,CS F363,COMPILER CONSTRUCTION,2,1,3,L,1,SANTONU SARKAR T 1 2 LT1,"06/05/26 (FN) | 14/03/26, | Saturday | 9:30 AM - | 11:00 AM"
021318,CS F363,COMPILER CONSTRUCTION,2,1,3,P,1,Santonu Sarkar TH 1 2 LT1,
021319,CS F364,DESIGN & ANAL OF ALGO,3,0,3,L,1,BHARAT M DESHPANDE M W F 3 LT1,"11/05/26 (FN) | 10/03/26, | Tuesday | 9:30 AM - | 11:00 AM"
021670,CS F366,LABORATORY PROJECT,,,3,R,1,BHARAT M DESHPANDE,
021740,CS F367,LABORATORY PROJECT,,,3,R,1,BHARAT M DESHPANDE,
021315,CS F372,OPERATING SYSTEMS,3,0,3,L,1,BIJU K RAVEENDRAN T TH 5 M 10 DLT6,"16/05/26 (FN) | 07/03/26, | Saturday | 11:30 AM - | 1:00 PM"
021315,CS F372,OPERATING SYSTEMS,3,0,3,T,1,Biju K Raveendran TH 11 DLT6,
021689,CS F376,DESIGN PROJECT,,,3,R,1,BHARAT M DESHPANDE,
021756,CS F377,DESIGN PROJECT,,,3,R,1,BHARAT M DESHPANDE,
020556,CS F402,COMPUTATIONAL GEOMETRY,3,0,3,L,1,SIDDHARTH GUPTA M W F 4 C404,"14/05/26 (FN) | 13/03/26, | Friday | 4:00 PM - | 5:30 PM"
021333,CS F407,ARTIFICIAL INTELLIGENCE,3,0,3,L,1,ASHWIN SRINIVASAN M W F 5 DLT7,"04/05/26 (FN) | 09/03/26, | Monday | 9:30 AM - | 11:00 AM"
021322,CS F415,DATA MINING,3,0,3,L,1,HEMANT RATHORE T TH 7 8 D102,"02/05/26 (FN) | 12/03/26, | Thursday | 9:30 AM - | 11:00 AM"
022440,CS F425,DEEP LEARNING,3,0,3,L,1,RAUNAK MANEKAR T TH 10 M 7 C307,"09/05/26 (FN) | 11/03/26, | Wednesday | 2:00 PM - | 3:30 PM"
022444,CS F429,NATURAL LANGUAGE PROCESSING,3,0,3,L,1,ABHISEK CHAKRABARTY T TH 4 W 1 C402,"12/05/26 (FN) | 14/03/26, | Saturday | 2:00 PM - | 3:30 PM"
022521,CS F431,COMBINATORIAL OPTIMIZATION,3,0,3,L,1,DIPTENDU CHATTERJEE T TH 5 M 10 C307,"07/05/26 (AN) | 10/03/26, | Tuesday | 4:00 PM - | 5:30 PM"
022629,CS F437,GENERATIVE ARTIFICIAL INTELLIGENCE,3,0,3,L,1,TANMAY TULSIDAS VERLEKAR M W F 8 C302,"05/05/26 (FN) | 09/03/26, | Monday | 4:00 PM - | 5:30 PM"
021326,CS F446,DATA STORAGE TECHNOLOGIES & NETWORKS,3,0,3,L,1,ARNAB PAUL T TH 4 W 1 C404,"12/05/26 (FN) | 14/03/26, | Saturday | 2:00 PM - | 3:30 PM"
021857,CS F469,INFORMATION RETRIEVAL,3,0,3,L,1,AMITAVA DAS T TH 5 M 10 C308,"07/05/26 (AN) | 10/03/26, | Tuesday | 4:00 PM - | 5:30 PM"
021714,CS F491,SPECIAL PROJECT,,,3,R,1,BHARAT M DESHPANDE,
020507,CS G513,NETWORK SECURITY,3,1,4,L,1,ANIRBAN DAS M W F 5 D103,"04/05/26 (FN) | 09/03/26, | Monday | 9:30 AM - | 11:00 AM"
020507,CS G513,NETWORK SECURITY,3,1,4,P,1,Anirban Das,
022052,CS G523,SOFTWARE FOR EMBEDDED SYSTEMS,,,5,L,1,ANUPAMA K R M W F 4 D103,"14/05/26 (FN) | 13/03/26, | Friday | 4:00 PM - | 5:30 PM"
022052,CS G523,SOFTWARE FOR EMBEDDED SYSTEMS,,,5,P,1,Anupama K R,
022006,CS G524,ADVANCED COMPUTER ARCHITECTURE,,,5,L,1,KANCHAN MANNA T TH 2 3 D102,"11/05/26 (FN) | 14/03/26, | Saturday | 9:30 AM - | 11:00 AM"
020436,DE G514,FRACTURE MECHANICS,3,2,5,L,1,CHAUDHARI VIKAS VINAYAK T TH 4 W 1 A506,"12/05/26 (FN) | 14/03/26, | Saturday | 2:00 PM - | 3:30 PM"
020436,DE G514,FRACTURE MECHANICS,3,2,5,P,1,Chaudhari Vikas Vinayak,
022516,ECE F216,ELECTRONIC DEVICES SIMULATION LABORATORY,0,2,2,P,1,"MANISH GUPTA, Ramesh Vasan T 11 12",
021384,ECE F241,MICROPROCESSORS & INTERFACING,3,1,4,L,1,KIZHEPPATT VIPIN M W F 3 DLT5,"11/05/26 (AN) | 14/03/26, | Saturday | 11:30 AM - | 1:00 PM"
021384,ECE F241,MICROPROCESSORS & INTERFACING,3,1,4,T,1,Kizheppatt Vipin M 1 DLT7,
021384,ECE F241,MICROPROCESSORS & INTERFACING,3,1,4,L,2,Vipin Joshi M W F 4 DLT7,
021384,ECE F241,MICROPROCESSORS & INTERFACING,3,1,4,T,2,Vipin Joshi M 1 DLT5,
021384,ECE F241,MICROPROCESSORS & INTERFACING,3,1,4,L,3,Arun Raman T TH 4 W 1 DLT5,
021384,ECE F241,MICROPROCESSORS & INTERFACING,3,1,4,T,3,Arun Raman M 1 DLT6,
021384,ECE F241,MICROPROCESSORS & INTERFACING,3,1,4,P,1,"Arun Raman, Vipin Joshi T 7 8 CC 219",
021384,ECE F241,MICROPROCESSORS & INTERFACING,3,1,4,P,2,Sarang C Dhongdi T 7 8 CC 219,
021384,ECE F241,MICROPROCESSORS & INTERFACING,3,1,4,P,3,"Arun Raman, Vipin Joshi TH 8 9 CC 219",
021384,ECE F241,MICROPROCESSORS & INTERFACING,3,1,4,P,4,Sarang C Dhongdi TH 8 9 CC 219,
021385,ECE F242,CONTROL SYSTEMS,3,0,3,L,1,K Tarakanath M W F 4 DLT8,"13/05/26 (FN) | 13/03/26, | Friday | 9:30 AM - | 11:00 AM"
021385,ECE F242,CONTROL SYSTEMS,3,0,3,T,1,K Tarakanath F 7 DLT6,
021385,ECE F242,CONTROL SYSTEMS,3,0,3,L,2,Mriganka Biswas M W F 9 DLT8,
021385,ECE F242,CONTROL SYSTEMS,3,0,3,T,2,Mriganka Biswas F 7 DLT5,
021385,ECE F242,CONTROL SYSTEMS,3,0,3,L,3,MAHENDRA SINGH TOMAR T TH 4 W 1 DLT6,
021385,ECE F242,CONTROL SYSTEMS,3,0,3,T,3,Mahendra Singh Tomar F 7 DLT7,
021386,ECE F243,SIGNALS & SYSTEMS,3,0,3,L,1,ANURAG NISHAD M W F 5 DLT8,"02/05/26 (FN) | 12/03/26, | Thursday | 9:30 AM - | 11:00 AM"
021246,EEE F342,POWER ELECTRONICS,3,1,4,L,1,SUDARSHAN SWAIN M W F 3 DLT7,"02/05/26 (FN) | 12/03/26, | Thursday | 9:30 AM - | 11:00 AM"
021246,EEE F342,POWER ELECTRONICS,3,1,4,L,2,Martin Cherangal J T TH 2 F 10 DLT7,
021246,EEE F342,POWER ELECTRONICS,3,1,4,P,1,"Mahendra Singh Tomar, Mriganka Biswas, Sudarshan Swain T 8 9",
021246,EEE F342,POWER ELECTRONICS,3,1,4,P,2,"K Tarakanath, Narayan Suresh Manjarekar, Martin Cherangal J W 7 8",
021246,EEE F342,POWER ELECTRONICS,3,1,4,P,3,"K Tarakanath, Martin Cherangal J, Sudarshan Swain TH 6 7",
021246,EEE F342,POWER ELECTRONICS,3,1,4,P,4,"Narayan Suresh Manjarekar, Mahendra Singh Tomar, Mriganka Biswas TH 8 9",
021255,EEE F346,DATA COMMUNICATION NETWORKS,2,0,2,L,1,VINAYAK SHASHIKANT NAIK T TH 10 C402,"09/05/26 (FN) | 11/03/26, | Wednesday | 2:00 PM - | 3:30 PM"
021731,EEE F366,LABORATORY PROJECT,,,3,R,1,MANISH GUPTA,
021742,EEE F367,LABORATORY PROJECT,,,3,R,1,MANISH GUPTA,
021691,EEE F376,DESIGN PROJECT,,,3,R,1,NITIN SHARMA,
021758,EEE F377,DESIGN PROJECT,,,3,R,1,NITIN SHARMA,
022288,EEE F411,INTERNET OF THINGS,3,1,4,L,1,AKSHAY MADAN T TH 10 M 7 DLT8,"09/05/26 (FN) | 11/03/26, | Wednesday | 2:00 PM - | 3:30 PM"
022288,EEE F411,INTERNET OF THINGS,3,1,4,P,1,Akshay Madan,
021250,EEE F431,MOBILE TELECOMMUNICATION NETWORKS,3,0,3,L,1,NITIN SHARMA M W F 5 DLT5,"04/05/26 (FN) | 09/03/26, | Monday | 9:30 AM - | 11:00 AM"
021247,EEE F432,MEDICAL INSTRUMENTATION,3,0,3,L,1,VINAYA KUMAR K B T TH 5 M 10 C402,"07/05/26 (AN) | 10/03/26, | Tuesday | 4:00 PM - | 5:30 PM"
021257,EEE F435,DIGITAL IMAGE PROCESSING,3,0,3,L,1,ASHISH CHITTORA T TH 4 W 1 DLT7,"12/05/26 (FN) | 14/03/26, | Saturday | 2:00 PM - | 3:30 PM"
021855,EEE F474,ANTENNA THEORY AND DESIGN,3,1,4,L,1,SUDEEP BAUDHA M W F 5 C402,"04/05/26 (FN) | 09/03/26, | Monday | 9:30 AM - | 11:00 AM"
021855,EEE F474,ANTENNA THEORY AND DESIGN,3,1,4,P,1,Sudeep Baudha,
021716,EEE F491,SPECIAL PROJECT,,,3,R,1,NITIN SHARMA,
022511,EEE G513,MACHINE LEARNING FOR ELECTRONICS ENGINEERS 4* L 1 SHIVIN SRIVASTAVA T TH 8 9 DLT6,,,,,,,"08/05/26 (FN) | 11/03/26, | Wednesday | 9:30 AM - | 11:00 AM"
022919,EEE G523,PROCESSOR ARCHITECTURE & DESIGN,,,5,L,1,ANUPAMA K R M W F 9 D103,"16/05/26 (AN) | 07/03/26, | Saturday | 2:00 PM - | 3:30 PM"
022928,EEE G548,DISTR & NETW EMB SYS,,,4,L,1,AKSHAY MADAN T TH 10 M 7 DLT8,"09/05/26 (FN) | 11/03/26, | Wednesday | 2:00 PM - | 3:30 PM"
022928,EEE G548,DISTR & NETW EMB SYS P 1 Akshay Madan,,,,,,,
021897,EEE G595,NANOELECTRONICS AND NANOPHOTONICS TECHNOLOGY,,,5,L,1,SOUVIK GHOSH T TH 4 F 7 D103,"12/05/26 (FN) | 14/03/26, | Saturday | 2:00 PM - | 3:30 PM"
021539,FIN F311,DERIVATIVES AND RISK MANAGEMENT,3,0,3,L,1,RITIKA JAISWAL M W F 9 LT1,"16/05/26 (FN) | 07/03/26, | Saturday | 11:30 AM - | 1:00 PM"
021545,FIN F313,SECURITY ANALYSIS AND PORTFOLIO MANAGEMENT,3,0,3,L,1,RAMAPPAGARI LESHMA MANOGNA M W F 4 LT2,"14/05/26 (FN) | 13/03/26, | Friday | 4:00 PM - | 5:30 PM"
021542,FIN F315,FINANCIAL MANAGEMENT,3,0,3,L,1,SUMAN GUPTA M W F 8 DLT7,"05/05/26 (FN) | 08/03/26, | Sunday | 11:30 AM - | 1:00 PM"
021942,FIN F414,FINANCIAL RISK ANALYTICS AND MANAGEMENT,3,0,3,L,1,ASWINI KUMAR MISHRA T TH 5 M 10 C301,"07/05/26 (AN) | 10/03/26, | Tuesday | 4:00 PM - | 5:30 PM"
021942,FIN F414,FINANCIAL RISK ANALYTICS AND MANAGEMENT,3,0,3,I,1,"Borkar Abhijit Dhananjay, Suhail P U",
021130,GS F211,MODERN POLITICAL CONCEPTS,3,0,3,L,1,SOLANO DA SILVA M W F 2 C401,"15/05/26 (AN) | 15/03/26, | Sunday | 11:30 AM - | 1:00 PM"
021169,GS F231,DYNAMICS OF SOCIAL CHANGE,3,0,3,L,1,NILANJANA GOSWAMI T TH 2 F 10 C401,"15/05/26 (AN) | 15/03/26, | Sunday | 11:30 AM - | 1:00 PM"
021170,GS F232,INTRODUCTORY PSYCHOLOGY,3,0,3,L,1,ASWINI S M W F 9 A501,"16/05/26 (AN) | 07/03/26, | Saturday | 2:00 PM - | 3:30 PM"
021172,GS F234,DEVELOPMENT ECONOMICS,3,0,3,L,1,RUDRA PRASAD PRADHAN M W F 9 A605,"16/05/26 (AN) | 07/03/26, | Saturday | 2:00 PM - | 3:30 PM"
021158,GS F241,CREATIVE WRITING 3* L 1 AMITENDU BHATTACHARYA M W F 2 A501,,,,,,,"15/05/26 (AN) | 15/03/26, | Sunday | 11:30 AM - | 1:00 PM"
021165,GS F245,EFFECTIVE PUBLIC SPEAKING,2,1,3,L,1,SHALINI UPADHYAY T TH 10 11 A507,"09/05/26 (FN) | 11/03/26, | Wednesday | 2:00 PM - | 3:30 PM"
021165,GS F245,EFFECTIVE PUBLIC SPEAKING,2,1,3,P,1,Shalini Upadhyay,
021524,GS F326,CREATIVE THINKING,2,1,3,L,1,SHALINI UPADHYAY M W F 5 A501,"04/05/26 (AN) | 09/03/26, | Monday | 11:30 AM - | 1:00 PM"
021524,GS F326,CREATIVE THINKING,2,1,3,P,1,Shalini Upadhyay,
021512,BITS F385,INTRODUCTION TO GENDER STUDIES,3,0,3,L,1,KATHRYN SUSANNAH HUMMEL T TH 2 F 10 A501,"15/05/26 (AN) | 15/03/26, | Sunday | 11:30 AM - | 1:00 PM"
022993,HSS F101,UNDERSTANDING SELF & SOCIETY,2,0,2,L,1,ANU K ANTONY/ Hareesh A G/ Sayantani Sarkar T TH 7 LT4,"07/05/26 (FN) | 10/03/26, | Tuesday | 2:00 PM - | 3:30 PM"
022993,HSS F101,UNDERSTANDING SELF & SOCIETY,2,0,2,L,2,Anu K Antony/ Alamelu Geetha Krishnamurthy/ Hareesh A G/ Mohan Kumar Bera T TH 8 LT4,
022993,HSS F101,UNDERSTANDING SELF & SOCIETY,2,0,2,L,3,Anu K Antony/ Hareesh A G/ Nilanjana Goswami/ Solano Da Silva T TH 9 LT3,
021627,HSS F235,INTRODUCTORY PHILOSOPHY,3,0,3,L,1,HAREESH A G M W F 2 A602,"15/05/26 (AN) | 15/03/26, | Sunday | 11:30 AM - | 1:00 PM"
021776,HSS F266,STUDY PROJECT,,,3,R,1,ALAMELU GEETHA KRISHNAMURTHY,
021588,HSS F314,MARITIME STUDIES AND BLUE ECONOMY,3,0,3,L,1,RUDRA PRASAD PRADHAN M W F 5 A605,"04/05/26 (AN) | 09/03/26, | Monday | 11:30 AM - | 1:00 PM"
021645,HSS F317,INTRODUCTION TO GLOBALIZATION,3,0,3,L,1,SAYANTANI SARKAR T TH 2 F 10 A605,"15/05/26 (AN) | 15/03/26, | Sunday | 11:30 AM - | 1:00 PM"
021915,HSS F330,APPRECIATION OF ART,3,0,3,L,1,KATHRYN SUSANNAH HUMMEL M W F 8 A502,"05/05/26 (FN) | 09/03/26, | Monday | 4:00 PM - | 5:30 PM"
021601,HSS F332,CINEMATIC ART 3* L 1 AILEEN CAITRIONA BLANEY M W F 5 A508,,,,,,,"04/05/26 (AN) | 09/03/26, | Monday | 11:30 AM - | 1:00 PM"
021606,HSS F337,ENGLISH LITERARY FORMS AND MOVEMENTS,3,0,3,L,1,ALAMELU GEETHA KRISHNAMURTHY T TH 5 M 10 A507,"07/05/26 (AN) | 10/03/26, | Tuesday | 4:00 PM - | 5:30 PM"
021631,HSS F338,COMPAITIVE INDIAN LITERATURE 3* L 1 AMITENDU BHATTACHARYA T TH 5 M 10 A501,,,,,,,"07/05/26 (AN) | 10/03/26, | Tuesday | 4:00 PM - | 5:30 PM"
021608,HSS F339,THEATRE ART ACTING AND PRODUCTION,3,0,3,L,1,ALAMELU GEETHA KRISHNAMURTHY T TH 9 10 TBA,"09/05/26 (AN) | 11/03/26, | Wednesday | 4:00 PM - | 5:30 PM"
021832,HSS F340,POST COLONIAL LITERATURES,3,0,3,L,1,ALAMELU GEETHA KRISHNAMURTHY M W F 5 A507,"04/05/26 (AN) | 15/03/26, | Sunday | 11:30 AM - | 1:00 PM"
021623,HSS F343,PROFESSIONAL ETHICS,3,0,3,L,1,REENA CHERUVALATH M W F 9 A602,"16/05/26 (AN) | 07/03/26, | Saturday | 2:00 PM - | 3:30 PM"
021830,HSS F347,INTRODUCTION TO CARNATIC MUSIC,3,0,3,L,1,REENA CHERUVALATH M W F 5 A507,"15/05/26 (AN) | 15/03/26, | Sunday | 11:30 AM - | 1:00 PM"
021830,HSS F347,INTRODUCTION TO CARNATIC MUSIC,3,0,3,L,2,Reena Cheruvalath M W F 9 A507,
021828,HSS F349,ECOCRITICISM,3,0,3,L,1,RAYSON ALEX M W F 2 A503,"15/05/26 (AN) | 15/03/26, | Sunday | 11:30 AM - | 1:00 PM"
022270,HSS F363,DISASTER AND DEVELOPMENT,3,0,3,L,1,MOHAN KUMAR BERA T TH 2 F 10 A602,"15/05/26 (AN) | 15/03/26, | Sunday | 11:30 AM - | 1:00 PM"
022289,HSS F368,ASIAN CINEMAS AND CULTURES,3,0,3,L,1,AILEEN CAITRIONA BLANEY T TH 2 F 10 A502,"15/05/26 (AN) | 15/03/26, | Sunday | 11:30 AM - | 1:00 PM"
022631,HSS F381,ENVIRONMENTAL SUSTAINABILITY VENTURES,3,0,3,L,1,RAJIV KUMAR CHATURVEDI M W F 9 A508,"16/05/26 (AN) | 07/03/26, | Saturday | 2:00 PM - | 3:30 PM"
022790,HSS F391,ACOUSTIC HUMANITIES,2,1,3,L,1,RAYSON ALEX M W F 9 A507,"16/05/26 (AN) | 07/03/26, | Saturday | 2:00 PM - | 3:30 PM"
022790,HSS F391,ACOUSTIC HUMANITIES,2,1,3,P,1,Rayson Alex,
022500,INSTR F216,ELECTRONIC DEVICES SIMULATION LABORATORY,0,2,2,P,1,"MANISH GUPTA, Ramesh Vasan T 11 12",
021341,INSTR F241,MICROPROCESSORS & INTERFACING,3,1,4,L,1,KIZHEPPATT VIPIN M W F 3 DLT5,"11/05/26 (AN) | 14/03/26, | Saturday | 11:30 AM - | 1:00 PM"
021341,INSTR F241,MICROPROCESSORS & INTERFACING,3,1,4,T,1,Kizheppatt Vipin M 1 DLT7,
021341,INSTR F241,MICROPROCESSORS & INTERFACING,3,1,4,L,2,Vipin Joshi M W F 4 DLT7,
021341,INSTR F241,MICROPROCESSORS & INTERFACING,3,1,4,T,2,Vipin Joshi M 1 DLT5,
021341,INSTR F241,MICROPROCESSORS & INTERFACING,3,1,4,L,3,Arun Raman T TH 4 W 1 DLT5,
021341,INSTR F241,MICROPROCESSORS & INTERFACING,3,1,4,T,3,Arun Raman M 1 DLT6,
021341,INSTR F241,MICROPROCESSORS & INTERFACING,3,1,4,P,1,"Arun Raman, Vipin Joshi T 7 8 CC 219",
021341,INSTR F241,MICROPROCESSORS & INTERFACING,3,1,4,P,2,Sarang C Dhongdi T 7 8 CC 219,
021341,INSTR F241,MICROPROCESSORS & INTERFACING,3,1,4,P,3,"Arun Raman, Vipin Joshi TH 8 9 CC 219",
021341,INSTR F241,MICROPROCESSORS & INTERFACING,3,1,4,P,4,Sarang C Dhongdi TH 8 9 CC 219,
021342,INSTR F242,CONTROL SYSTEMS,3,0,3,L,1,K Tarakanath M W F 4 DLT8,"13/05/26 (FN) | 13/03/26, | Friday | 9:30 AM - | 11:00 AM"
021342,INSTR F242,CONTROL SYSTEMS,3,0,3,T,1,K Tarakanath F 7 DLT6,
021342,INSTR F242,CONTROL SYSTEMS,3,0,3,L,2,Mriganka Biswas M W F 9 DLT8,
021342,INSTR F242,CONTROL SYSTEMS,3,0,3,T,2,Mriganka Biswas F 7 DLT5,
021342,INSTR F242,CONTROL SYSTEMS,3,0,3,L,3,MAHENDRA SINGH TOMAR T TH 4 W 1 DLT6,
021342,INSTR F242,CONTROL SYSTEMS,3,0,3,T,3,Mahendra Singh Tomar F 7 DLT7,
021343,INSTR F243,SIGNALS & SYSTEMS,3,0,3,L,1,ANURAG NISHAD M W F 5 DLT8,"02/05/26 (FN) | 12/03/26, | Thursday | 9:30 AM - | 11:00 AM"
021343,INSTR F243,SIGNALS & SYSTEMS,3,0,3,T,1,Anurag Nishad T 9 LT2,
021343,INSTR F243,SIGNALS & SYSTEMS,3,0,3,L,2,Ravi Kadlimatti T TH 5 M 10 LT2,
021343,INSTR F243,SIGNALS & SYSTEMS,3,0,3,T,2,Ravi Kadlimatti T 9 LT1,
021344,INSTR F244,MICROELECTRONIC CIRCUITS,3,0,3,L,1,PRAVIN MANE M W F 5 LT2,"06/05/26 (AN) | 10/03/26, | Tuesday | 11:30 AM - | 1:00 PM"
021344,INSTR F244,MICROELECTRONIC CIRCUITS,3,0,3,T,1,Pravin Mane TH 7 LT2,
021344,INSTR F244,MICROELECTRONIC CIRCUITS,3,0,3,L,2,Debasis Das T TH 3 W 10 DLT7,
021344,INSTR F244,MICROELECTRONIC CIRCUITS,3,0,3,T,2,Debasis Das TH 7 DLT7,
021344,INSTR F244,MICROELECTRONIC CIRCUITS,3,0,3,L,3,Ramesh Vasan T TH 5 M 10 DLT5,
021344,INSTR F244,MICROELECTRONIC CIRCUITS,3,0,3,T,3,Ramesh Vasan TH 7 DLT5,
021660,INSTR F266,STUDY PROJECT,,,3,R,1,MANISH GUPTA,
021348,INSTR F341,ANALOG ELECTRONICS,3,1,4,L,1,RAMESHA C K M W F 3 LT2,"06/05/26 (FN) | 10/03/26, | Tuesday | 9:30 AM - | 11:00 AM"
021348,INSTR F341,ANALOG ELECTRONICS,3,1,4,T,1,Ramesha C K F 1 LT2,
021348,INSTR F341,ANALOG ELECTRONICS,3,1,4,L,2,Tushar Sakorikar T TH 2 F 10 DLT8,
021348,INSTR F341,ANALOG ELECTRONICS,3,1,4,T,2,Tushar Sakorikar F 1 DLT8,
021348,INSTR F341,ANALOG ELECTRONICS,3,1,4,L,3,Ria Rashid T TH 3 W 10 DLT8,
021348,INSTR F341,ANALOG ELECTRONICS,3,1,4,T,3,Ria Rashid F 1 DLT7,
021348,INSTR F341,ANALOG ELECTRONICS,3,1,4,P,1,"Debasis Das, Hrishikesh Sonalikar T 6 7",
021348,INSTR F341,ANALOG ELECTRONICS,3,1,4,P,2,"Ria Rashid, Tushar Sakorikar,Vinaya Kumar K B T 8 9",
021348,INSTR F341,ANALOG ELECTRONICS,3,1,4,P,3,"Hrishikesh Sonalikar, Tushar Sakorikar TH 8 9",
021348,INSTR F341,ANALOG ELECTRONICS,3,1,4,P,4,"Debasis Das, Ria Rashid, Vinaya Kumar K B F 7 8",
021349,INSTR F342,POWER ELECTRONICS,3,1,4,L,1,SUDARSHAN SWAIN M W F 3 DLT7,"02/05/26 (FN) | 12/03/26, | Thursday | 9:30 AM - | 11:00 AM"
021349,INSTR F342,POWER ELECTRONICS,3,1,4,L,2,Martin Cherangal J T TH 2 F 10 DLT7,
021349,INSTR F342,POWER ELECTRONICS,3,1,4,P,1,"Mahendra Singh Tomar, Mriganka Biswas, Sudarshan Swain T 8 9",
021349,INSTR F342,POWER ELECTRONICS,3,1,4,P,2,"K Tarakanath, Narayan Suresh Manjarekar, Martin Cherangal J W 7 8",
021349,INSTR F342,POWER ELECTRONICS,3,1,4,P,3,"K Tarakanath, Martin Cherangal J, Sudarshan Swain TH 6 7",
021349,INSTR F342,POWER ELECTRONICS,3,1,4,P,4,"Narayan Suresh Manjarekar, Mahendra Singh Tomar, Mriganka Biswas TH 8 9",
021350,INSTR F343,INDUS INSTRUMENT & CONT,3,0,3,L,1,GAUTAM G BACHER M W F 2 DLT5,"13/05/26 (FN) | 13/03/26, | Friday | 9:30 AM - | 11:00 AM"
021350,INSTR F343,INDUS INSTRUMENT & CONT,3,0,3,T,1,Gautam G Bacher T 1 DLT5,
021734,INSTR F366,LABORATORY PROJECT,,,3,R,1,MANISH GUPTA,
021745,INSTR F367,LABORATORY PROJECT,,,3,R,1,MANISH GUPTA,
021694,INSTR F376,DESIGN PROJECT,,,3,R,1,NITIN SHARMA,
021761,INSTR F377,DESIGN PROJECT,,,3,R,1,NITIN SHARMA,
021351,INSTR F432,MEDICAL INSTRUMENTATION,3,0,3,L,1,VINAYA KUMAR K B T TH 5 M 10 C402,"07/05/26 (AN) | 10/03/26, | Tuesday | 4:00 PM - | 5:30 PM"
021719,INSTR F491,SPECIAL PROJECT,,,3,R,1,NITIN SHARMA,
021529,IS F341,SOFTWARE ENGINEERING,3,1,4,L,1,NEENA GOVEAS M W F 9 D102,"16/05/26 (FN) | 07/03/26, | Saturday | 11:30 AM - | 1:00 PM"
021529,IS F341,SOFTWARE ENGINEERING,3,1,4,P,1,Neena Goveas,
022645,MAC F241,NUMERICAL ANALYSIS,3,0,3,L,1,DANUMJAYA PALLA M W 5 TH 7 A604,"13/05/26 (FN) | 13/03/26, | Friday | 9:30 AM - | 11:00 AM"
022645,MAC F241,NUMERICAL ANALYSIS,3,0,3,T,1,Danumjaya Palla T 8 A603,
022646,MAC F242,DATA STRUCTURES & ALGORITHMS,3,1,4,L,1,ANIKET BASU ROY/ Limaye Girija Deepak M W F 4 LT1,"06/05/26 (AN) | 10/03/26, | Tuesday | 11:30 AM - | 1:00 PM"
022646,MAC F242,DATA STRUCTURES & ALGORITHMS,3,1,4,P,1,"Aniket Basu Roy, Limaye Girija Deepak, Siddharth Gupta F 6 7",
022647,MAC F243,NUMERICAL OPTIMIZATION,3,0,3,L,1,ANIL KUMAR T TH 4 W 1 A604,"02/05/26 (FN) | 12/03/26, | Thursday | 9:30 AM - | 11:00 AM"
022647,MAC F243,NUMERICAL OPTIMIZATION,3,0,3,T,1,Anil Kumar T 7 A603,
022648,MAC F244,STOCHASTIC CALCULUS AND APPLICATION TO FINANCE,3,0,3,L,1,MAYANK GOEL M W F 9 A604,"16/05/26 (FN) | 07/03/26, | Saturday | 11:30 AM - | 1:00 PM"
022649,MAC F245,SCIENTIFIC COMPUTING LABORATORY,0,1,1,P,1,"DANUMJAYA PALLA, Anil Kumar, Sarita Sihag, Vignesh Vinod Alavani TH 8 9 CC 219",
022650,MAC F311,ALGEBRA I,3,0,3,L,1,SARANYA G NAIR T TH 5 M 10 A604,"11/05/26 (AN) | 14/03/26, | Saturday | 11:30 AM - | 1:00 PM"
022650,MAC F311,ALGEBRA I,3,0,3,T,1,Saranya G Nair M 1 A604,
022652,MAC F313,STATISTICAL DATA ANALYSIS,3,1,4,L,1,SHREYASHI BASAK T TH 4 W 1 A502,"12/05/26 (FN) | 14/03/26, | Saturday | 2:00 PM - | 3:30 PM"
022652,MAC F313,STATISTICAL DATA ANALYSIS,3,1,4,P,1,Shreyashi Basak,
022656,MAC F411,COMPUTATION OF OPTION PRICING MODELS,3,1,4,L,1,AMIYA KUMAR PANI T TH 3 W 10 A502,"08/05/26 (FN) | 11/03/26, | Wednesday | 9:30 AM - | 11:00 AM"
022656,MAC F411,COMPUTATION OF OPTION PRICING MODELS,3,1,4,P,1,Amiya Kumar Pani,
022888,MATH F102,LINEAR ALGEBRA AND COMPLEX VARIABLES,3,0,3,L,1,Shilpa Gondhali/Gunja Sachdeva M W F 3 DLT6,"12/05/26 (AN) | 14/03/26, | Saturday | 4:00 PM - | 5:30 PM"
022888,MATH F102,LINEAR ALGEBRA AND COMPLEX VARIABLES,3,0,3,L,2,JAJATI KESHARI SAHOO/ M Thamban Nair M W F 5 LT4,
022888,MATH F102,LINEAR ALGEBRA AND COMPLEX VARIABLES,3,0,3,L,3,Vaibhav Mehandiratta/Himadri Mukherjee M W F 9 LT4,
022888,MATH F102,LINEAR ALGEBRA AND COMPLEX VARIABLES,3,0,3,L,4,Anushaya Mohapatra/Gunja Sachdeva T TH 5 M 10 LT4,
022888,MATH F102,LINEAR ALGEBRA AND COMPLEX VARIABLES,3,0,3,L,5,Tiju Cherian John/Minhajul T TH 10 M 7 LT4,
022888,MATH F102,LINEAR ALGEBRA AND COMPLEX VARIABLES,3,0,3,T,1,Adeep Varghese M 1 A605,
022888,MATH F102,LINEAR ALGEBRA AND COMPLEX VARIABLES,3,0,3,T,2,Debendra Prasad Panda M 1 A602,
022888,MATH F102,LINEAR ALGEBRA AND COMPLEX VARIABLES,3,0,3,T,3,Drishya T. Das M 1 A501,
022888,MATH F102,LINEAR ALGEBRA AND COMPLEX VARIABLES,3,0,3,T,4,Neha Parveen M 1 A502,
022888,MATH F102,LINEAR ALGEBRA AND COMPLEX VARIABLES,3,0,3,T,5,Raina Mary Thomas M 1 C301,
022888,MATH F102,LINEAR ALGEBRA AND COMPLEX VARIABLES,3,0,3,T,6,Rane Poonam Babani M 1 C302,
022888,MATH F102,LINEAR ALGEBRA AND COMPLEX VARIABLES,3,0,3,T,7,Shambhavi Avinash Manerikar M 1 A601,
022888,MATH F102,LINEAR ALGEBRA AND COMPLEX VARIABLES,3,0,3,T,8,Shikha Shereef P M 1 A603,
022888,MATH F102,LINEAR ALGEBRA AND COMPLEX VARIABLES,3,0,3,T,9,Shivani Tushar Parab M 1 C402,
022888,MATH F102,LINEAR ALGEBRA AND COMPLEX VARIABLES,3,0,3,T,10,Siddhant Naik T 1 A602,
022888,MATH F102,LINEAR ALGEBRA AND COMPLEX VARIABLES,3,0,3,T,11,Tanisha Garg F 1 A508,
021012,MATH F113,PROBABILITY AND STATISTICS,,,3,L,1,Pradeep Boggarapu/Shreyashi Basak M W F 5 LT3,"16/05/26 (AN) | 15/03/26, | Sunday | 9:30 AM - | 11:00 AM"
021012,MATH F113,PROBABILITY AND STATISTICS,,,3,L,2,PRABAL PAUL/ Pradeep Boggarapu M W F 8 LT4,
021012,MATH F113,PROBABILITY AND STATISTICS,,,3,T,1,Darshan Gokuldas Shanbhag T 1 C301,
021012,MATH F113,PROBABILITY AND STATISTICS,,,3,T,2,Desai Prajakta Ashok T 1 A603,
021012,MATH F113,PROBABILITY AND STATISTICS,,,3,T,3,Gamini R Magar T 1 A601,
021012,MATH F113,PROBABILITY AND STATISTICS,,,3,T,4,P Varada F 1 A602,
021012,MATH F113,PROBABILITY AND STATISTICS,,,3,T,5,Patil Jatin Suresh F 1 A603,
021012,MATH F113,PROBABILITY AND STATISTICS,,,3,T,6,Ranjit Kumar Sharma F 1 A601,
021465,MATH F241,MATHEMATICAL METHODS,3,0,3,L,1,ANUPAMA SHARMA M W F 5 A603,"02/05/26 (AN) | 12/03/26, | Thursday | 11:30 AM - | 1:00 PM"
021465,MATH F241,MATHEMATICAL METHODS,3,0,3,T,1,Anupama Sharma F 7 A603,
021466,MATH F242,OPERATIONS RESEARCH,3,0,3,L,1,AMIT SETIA M W F 4 A604,"14/05/26 (FN) | 13/03/26, | Friday | 4:00 PM - | 5:30 PM"
021466,MATH F242,OPERATIONS RESEARCH,3,0,3,T,1,Amit Setia T 9 A603,
021467,MATH F243,GRAPHS AND NETWORKS,3,0,3,L,1,TARKESHWAR SINGH M W F 3 A602,"04/05/26 (FN) | 09/03/26, | Monday | 9:30 AM - | 11:00 AM"
021467,MATH F243,GRAPHS AND NETWORKS,3,0,3,T,1,Tarkeshwar Singh W 7 A602,
021468,MATH F244,MEASURE & INTEGRATION,3,0,3,L,1,MONOJIT BHATTACHARJEE T TH 2 F 10 A604,"10/05/26 (FN) | 14/03/26, | Saturday | 9:30 AM - | 11:00 AM"
021468,MATH F244,MEASURE & INTEGRATION,3,0,3,T,1,Monojit Bhattacharjee T 8 A604,
021662,MATH F266,STUDY PROJECT,,,3,R,1,PRASANNA KUMAR N,
021472,MATH F341,INTRO TO FUNCTIONAL ANAL,3,0,3,L,1,TIJU CHERIAN JOHN M W F 2 A604,"15/05/26 (FN) | 15/03/26, | Sunday | 9:30 AM - | 11:00 AM"
021472,MATH F341,INTRO TO FUNCTIONAL ANAL,3,0,3,T,1,Tiju Cherian John TH 1 A604,
021473,MATH F342,DIFFERENTIAL GEOMETRY,3,0,3,L,1,HIMADRI MUKHERJEE M W F 3 A604,"04/05/26 (FN) | 09/03/26, | Monday | 9:30 AM - | 11:00 AM"
021473,MATH F342,DIFFERENTIAL GEOMETRY,3,0,3,T,1,Himadri Mukherjee T 1 A604,
021474,MATH F343,PARTIAL DIFF EQUATIONS,3,0,3,L,1,MINHAJUL T TH 3 W 10 A604,"08/05/26 (FN) | 11/03/26, | Wednesday | 9:30 AM - | 11:00 AM"
021474,MATH F343,PARTIAL DIFF EQUATIONS,3,0,3,T,1,Minhajul F 1 A604,
021679,MATH F366,LABORATORY PROJECT,,,3,R,1,PRASANNA KUMAR N,
021747,MATH F367,LABORATORY PROJECT,,,3,R,1,PRASANNA KUMAR N,
021696,MATH F376,DESIGN PROJECT,,,3,R,1,PRASANNA KUMAR N,
021763,MATH F377,DESIGN PROJECT,,,3,R,1,PRASANNA KUMAR N,
021882,MATH F420,MATHEMATICAL MODELING,3,1,4,L,1,ANUSHAYA MOHAPATRA T TH 10 M 7 A604,"09/05/26 (FN) | 11/03/26, | Wednesday | 2:00 PM - | 3:30 PM"
022526,MATH F425,NUMERICAL LINEAR ALGEBRA,3,1,4,L,1,MUKESH KUMAR NAGAR M W F 8 A501,"05/05/26 (FN) | 09/03/26, | Monday | 4:00 PM - | 5:30 PM"
022526,MATH F425,NUMERICAL LINEAR ALGEBRA,3,1,4,P,1,Mukesh Kumar Nagar,
022273,MATH F432,APPLIED STATISTICAL METHODS,3,0,3,L,1,SRAVAN DANDA T TH 10 M 7 DLT6,"09/05/26 (FN) | 11/03/26, | Wednesday | 2:00 PM - | 3:30 PM"
021476,MATH F471,NONLINEAR OPTIMIZATION,3,0,3,L,1,MANOJ KUMAR PANDEY T TH 5 M 10 A603,"07/05/26 (AN) | 10/03/26, | Tuesday | 4:00 PM - | 5:30 PM"
021721,MATH F491,SPECIAL PROJECT,,,3,R,1,PRASANNA KUMAR N,
022758,MATH G516,TOPICS IN TOPOLOGY,,,5,L,1,M THAMBAN NAIR T TH 8 9 A505 TBA TBA,
022379,ME F112,WORKSHOP PRACTICE,1,1,2,L,1,RAJIV SHINDE TBA TBA TBA,
022379,ME F112,WORKSHOP PRACTICE,1,1,2,P,1,Rajiv Shinde,
022397,ME F218,ADVANCED MECHANICS OF SOLIDS,2,0,2,L,1,ABHINAVA CHATTERJEE T TH 5 A602,"02/05/26 (FN) | 12/03/26, | Thursday | 9:30 AM - | 11:00 AM"
022397,ME F218,ADVANCED MECHANICS OF SOLIDS,2,0,2,T,1,Abhinava Chatterjee M 10 A602,
022398,ME F219,MANUFACTURING PROCESSES/ PRODUCTION TECHNIQUES I,3,1,4,L,1,SUDHY S PANICKER M W F 4 A602,"06/05/26 (AN) | 10/03/26, | Tuesday | 11:30 AM - | 1:00 PM"
022398,ME F219,MANUFACTURING PROCESSES/ PRODUCTION TECHNIQUES I,3,1,4,P,1,"Avinash Kumar Mehta, Pushkar Prakash Kamble, Sudhy S Panicker TH 8 9",
022398,ME F219,MANUFACTURING PROCESSES/ PRODUCTION TECHNIQUES I,3,1,4,P,2,"Pushkar Prakash Kamble, Sudhy S Panicker, Waigaonkar Sachin Damodhar Rao F 7 8",
022430,ME F220,HEAT TRANSFER,3,1,4,L,1,VADIRAJ HEMADRI T TH 4 W 1 A602,"11/05/26 (AN) | 14/03/26, | Saturday | 11:30 AM - | 1:00 PM"
022430,ME F220,HEAT TRANSFER,3,1,4,T,1,Vadiraj Hemadri TH 7 A602,
022430,ME F220,HEAT TRANSFER,3,1,4,P,1,"Ranjit Patil, Siddhartha Tripathi, Vadiraj Hemadri T 8 9",
022430,ME F220,HEAT TRANSFER,3,1,4,P,2,"Ranjit Patil, Siddhartha Tripathi, Vadiraj Hemadri W 7 8",
022399,ME F221,MECHANISMS AND MACHINES,3,0,3,L,1,MALI KIRAN DINKAR M W F 5 A602,"13/05/26 (AN) | 13/03/26, | Friday | 11:30 AM - | 1:00 PM"
022399,ME F221,MECHANISMS AND MACHINES,3,0,3,T,1,Mali Kiran Dinkar T 7 A602,
021663,ME F266,STUDY PROJECT,,,3,R,1,SIDDHARTHA TRIPATHI,
022404,ME F316,MANUFACTURING MANAGEMENT,,,2,L,1,VARINDER SINGH TBA TBA TBA,
022404,ME F316,MANUFACTURING MANAGEMENT,,,2,T,1,Varinder Singh,
022405,ME F317,"ENGINES, MOTORS, AND MOBILITY",,,2,L,1,RANJIT PATIL TBA TBA TBA,
022405,ME F317,"ENGINES, MOTORS, AND MOBILITY",,,2,T,1,Ranjit Patil TBA,
022406,ME F318,COMPUTER-AIDED DESIGN,1,2,3,L,1,INIYAN THIRUSELVAM N W 10 LT3,"11/05/26 (FN) | 14/03/26, | Saturday | 9:30 AM - | 11:00 AM"
022406,ME F318,COMPUTER-AIDED DESIGN,1,2,3,T,1,Iniyan Thiruselvam N TH 8 LT3,
022406,ME F318,COMPUTER-AIDED DESIGN,1,2,3,P,1,"Abhinava Chatterjee, Devendra Gokul Patil, Iniyan Thiruselvam N TH 1 2 3 CC 219",
022407,ME F319,VIBRATIONS & CONTROL/ MECHANICAL VIBRATIONS,3,0,3,L,1,SANDEEP JOSE M W F 3 DLT8,"06/05/26 (FN) | 10/03/26, | Tuesday | 9:30 AM - | 11:00 AM"
022407,ME F319,VIBRATIONS & CONTROL/ MECHANICAL VIBRATIONS,3,0,3,T,1,Sandeep Jose M 1 DLT8,
022408,ME F320,ENGINEERING OPTIMIZATION,3,0,3,L,1,GANESH MADHAV BAPAT M W F 2 DLT8,"02/05/26 (AN) | 12/03/26, | Thursday | 11:30 AM - | 1:00 PM"
022408,ME F320,ENGINEERING OPTIMIZATION,3,0,3,T,1,Ganesh Madhav Bapat T 1 DLT8,
021270,ME F341,PRIMEMOVERS & FLUID MACH,2,1,3,L,1,PRITANSHU RANJAN T TH 9 DLT8,"15/05/26 (FN) | 15/03/26, | Sunday | 9:30 AM - | 11:00 AM"
021270,ME F341,PRIMEMOVERS & FLUID MACH,2,1,3,T,1,Pritanshu Ranjan F 10 DLT6,
021270,ME F341,PRIMEMOVERS & FLUID MACH,2,1,3,P,1,"Pritanshu Ranjan, Shibu Clement, Vaibhav Joshi T 2 3",
021270,ME F341,PRIMEMOVERS & FLUID MACH,2,1,3,P,2,"Pritanshu Ranjan, Shibu Clement, Vaibhav Joshi TH 6 7",
021680,ME F366,LABORATORY PROJECT,,,3,R,1,SUDHY S PANICKER,
021748,ME F367,LABORATORY PROJECT,,,3,R,1,SUDHY S PANICKER,
021697,ME F376,DESIGN PROJECT,,,3,R,1,SANDEEP JOSE,
021764,ME F377,DESIGN PROJECT,,,3,R,1,SANDEEP JOSE,
022310,ME F425,ADDITIVE MANUFACTURING,3,0,3,L,1,PUSHKAR PRAKASH KAMBLE M W 7 T 10 A601,"09/05/26 (AN) | 11/03/26, | Wednesday | 4:00 PM - | 5:30 PM"
022540,ME F427,CONTINUUM MECHANICS,3,1,4,L,1,PRITANSHU RANJAN/ Pravin M Singru/ Vaibhav Joshi M W F 4 A601,"14/05/26 (FN) | 13/03/26, | Friday | 4:00 PM - | 5:30 PM"
022540,ME F427,CONTINUUM MECHANICS,3,1,4,P,1,Pritanshu Ranjan / Pravin M Singru/ Vaibhav Joshi,
022750,ME F430,FLUID-STRUCTURE INTERACTIONS,3,0,3,L,1,VAIBHAV JOSHI T TH 5 M 10 A601,07/05/26 (AN)
021285,ME F451,MECHANICAL EQUIPMENT DESIGN,3,0,3,L,1,PRAVIN M SINGRU M W F 9 A601,16/05/26 (FN)
021286,ME F452,COMPOSITE MATERIALS & DESIGN,3,0,3,L,1,WAIGAONKAR SACHIN DAMODHAR RAO M W F 5 A601,"04/05/26 (AN) | 09/03/26, | Monday | 11:30 AM - | 1:00 PM"
021287,ME F461,REFRIGERATION AND AIR CONDITIONING,3,0,3,L,1,SIDDHARTHA TRIPATHI T TH 4 W 1 A601,"12/05/26 (FN) | 14/03/26, | Saturday | 2:00 PM - | 3:30 PM"
021866,ME F482,COMBUSTION,3,0,3,L,1,RAHUL PALULLI M W F 9 A502,"16/05/26 (FN) | 07/03/26, | Saturday | 11:30 AM - | 1:00 PM"
021290,ME F491,SPECIAL PROJECTS,,,3,R,1,PRASAD VINAYAK PATIL,
020410,ME G515,COMPUTATIONAL FLUID DYNAMICS,3,2,5,L,1,GAUTAM BISWAS T TH 3 W 10 A506,"08/05/26 (FN) | 11/03/26, | Wednesday | 9:30 AM - | 11:00 AM"
020410,ME G515,COMPUTATIONAL FLUID DYNAMICS,3,2,5,P,1,Gautam Biswas,
020266,ME G611,COMP AIDED ANALYSIS AND DESIGN,,,5,L,1,DHANANJAY MADHUKAR KULKARNI M W F 3 A506,"02/05/26 (AN) | 12/03/26, | Thursday | 11:30 AM - | 1:00 PM"
020266,ME G611,COMP AIDED ANALYSIS AND DESIGN,,,5,P,1,Dhananjay Madhukar Kulkarni,
020224,MEL G632,ANALOG IC DESIGN,,,5,L,1,DIPANKAR PAL T TH 5 M 4 D102,"07/05/26 (FN) | 10/03/26, | Tuesday | 2:00 PM - | 3:30 PM"
020224,MEL G632,ANALOG IC DESIGN,,,5,P,1,Dipankar Pal M 8 9,
020484,MEL G641,CAD FOR IC DESIGN,,,5,L,1,KIZHEPPATT VIPIN T TH 3 W 10 D103,"04/05/26 (FN) | 09/03/26, | Monday | 9:30 AM - | 11:00 AM"
020484,MEL G641,CAD FOR IC DESIGN,,,5,P,1,Kizheppatt Vipin,
022528,MF F422,SUPPLY CHAIN MODELLING AND EMPIRICAL ANALYSIS,3,1,4,L,1,VARINDER SINGH T TH 10 M 7 A603,"09/05/26 (AN) | 11/03/26, | Wednesday | 4:00 PM - | 5:30 PM"
022528,MF F422,SUPPLY CHAIN MODELLING AND EMPIRICAL ANALYSIS,3,1,4,P,1,Varinder Singh,
021024,MGTS F211,PRINCIPLES OF MANAGEMENT,3,0,3,L,1,CH V V S N V PRASAD / Mohit Kumar T TH 10 M 7 LT2,"09/05/26 (FN) | 11/03/26, | Wednesday | 2:00 PM - | 3:30 PM"
021024,MGTS F211,PRINCIPLES OF MANAGEMENT,3,0,3,T,1,Ch V V S N V Prasad / Mohit Kumar / Amruta Anil Hippalgaonkar / Anju T / Gayathri Sisir / Mansi Nair F 1 LT3,
022066,MST G522,ADVANCED COMPOSITES,3,2,5,L,1,WAIGAONKAR SACHIN DAMODHAR RAO M W F 5 A601,"04/05/26 (AN) | 09/03/26, | Monday | 11:30 AM - | 1:00 PM"
022891,PHY F101,OSCILLATIONS AND WAVES,2,1,3,L,1,Prasanta Kumar Das / Toby Joseph M 2 LT3,"02/05/26 (AN) | 12/03/26, | Thursday | 11:30 AM - | 1:00 PM"
022891,PHY F101,OSCILLATIONS AND WAVES,2,1,3,L,2,Prasanta Kumar Das / Toby Joseph T 2 LT3,
022891,PHY F101,OSCILLATIONS AND WAVES,2,1,3,T,1,Chandradew Sharma W F 2 C307,
022891,PHY F101,OSCILLATIONS AND WAVES,2,1,3,T,2,Gaurav Dar W F 2 C402,
022891,PHY F101,OSCILLATIONS AND WAVES,2,1,3,T,3,RADHIKA VATHSAN W F 2 C404,
022891,PHY F101,OSCILLATIONS AND WAVES,2,1,3,T,4,Ram Shanker Patel W F 2 A601,
022891,PHY F101,OSCILLATIONS AND WAVES,2,1,3,T,5,Yuriy Petenev W F 2 A508,
022891,PHY F101,OSCILLATIONS AND WAVES,2,1,3,T,6,Chandradew Sharma TH 2 F 10 C307,
022891,PHY F101,OSCILLATIONS AND WAVES,2,1,3,T,7,Gaurav Dar TH 2 F 10 C402,
022891,PHY F101,OSCILLATIONS AND WAVES,2,1,3,T,8,Radhika Vathsan TH 2 F 10 C404,
022891,PHY F101,OSCILLATIONS AND WAVES,2,1,3,T,9,Ram Shanker Patel TH 2 F 10 A601,
022891,PHY F101,OSCILLATIONS AND WAVES,2,1,3,T,10,Yuriy Petenev TH 2 F 10 A508,
022891,PHY F101,OSCILLATIONS AND WAVES,2,1,3,P,1,Aabhaas Vineet Mallik M 2 3,
022891,PHY F101,OSCILLATIONS AND WAVES,2,1,3,P,2,Chandradew Sharma M 4 5,
022891,PHY F101,OSCILLATIONS AND WAVES,2,1,3,P,3,Tapanendu Kundu T 2 3,
022891,PHY F101,OSCILLATIONS AND WAVES,2,1,3,P,4,Arnab Roy T 4 5,
022891,PHY F101,OSCILLATIONS AND WAVES,2,1,3,P,5,Deepak Narayana Murthy Pachattu T 8 9,
022891,PHY F101,OSCILLATIONS AND WAVES,2,1,3,P,6,Nanda Kumar Patincharath W 2 3,
022891,PHY F101,OSCILLATIONS AND WAVES,2,1,3,P,7,Raghunath Ratabole W 4 5,
022891,PHY F101,OSCILLATIONS AND WAVES,2,1,3,P,8,Rudranil Basu W 8 9,
022891,PHY F101,OSCILLATIONS AND WAVES,2,1,3,P,9,Tarun Kumar Jha TH 2 3,
022891,PHY F101,OSCILLATIONS AND WAVES,2,1,3,P,10,Indrakshi Raychowdhury TH 4 5,
022891,PHY F101,OSCILLATIONS AND WAVES,2,1,3,P,11,Sunilkumar V TH 7 8,
022891,PHY F101,OSCILLATIONS AND WAVES,2,1,3,P,12,Yoshiro Azuma F 2 3,
022891,PHY F101,OSCILLATIONS AND WAVES,2,1,3,P,13,Yuriy Petenev F 4 5,
021493,PHY F215,INTRODUCTION TO ASTRONOMY & ASTROPHYSICS,3,0,3,L,1,TARUN KUMAR JHA M W F 4 C308,"14/05/26 (FN) | 13/03/26, | Friday | 4:00 PM - | 5:30 PM"
021482,PHY F241,ELECTROMAGNETIC THEO II,3,1,4,L,1,SUNILKUMAR V T TH 2 F 10 C308,"11/05/26 (FN) | 14/03/26, | Saturday | 9:30 AM - | 11:00 AM"
021482,PHY F241,ELECTROMAGNETIC THEO II,3,1,4,T,1,Sunilkumar V T 8 C308,
021483,PHY F242,QUANTUM MECHANICS I,3,0,3,L,1,KINJAL BANERJEE M W F 9 C308,"16/05/26 (FN) | 07/03/26, | Saturday | 11:30 AM - | 1:00 PM"
021483,PHY F242,QUANTUM MECHANICS I,3,0,3,T,1,Kinjal Banerjee W 7 C308,
021484,PHY F243,MATHE METHODS OF PHY,3,0,3,L,1,ARUN V KULKARNI M W F 3 C308,"02/05/26 (AN) | 12/03/26, | Thursday | 11:30 AM - | 1:00 PM"
021484,PHY F243,MATHE METHODS OF PHY,3,0,3,T,1,Arun V Kulkarni T 9 C308,
021485,PHY F244,MODERN PHY LAB,0,2,2,P,1,"SANJIB DEY, Kinjal Banerjee, Duttatreya, Isha Songara, Mayur Madhav Abhisheki T 3 4 5",
021485,PHY F244,MODERN PHY LAB,0,2,2,P,2,"Ram Shanker Patel, Teny Theresa John, Shubham Satish Gaikwad, Sujit Satish Chaudhari TH 7 8 9",
021666,PHY F266,STUDY PROJECT,,,3,R,1,INDRAKSHI RAYCHOWDHURY,
021494,PHY F315,THEORY OF RELATIVITY,3,0,3,L,1,INDRAKSHI RAYCHOWDHURY M W F 5 C308,"04/05/26 (AN) | 09/03/26, | Monday | 11:30 AM - | 1:00 PM"
021489,PHY F341,SOLID STATE PHYSICS,3,0,3,L,1,ARNAB ROY M W F 11 C308,"04/05/26 (FN) | 09/03/26, | Monday | 9:30 AM - | 11:00 AM"
021489,PHY F341,SOLID STATE PHYSICS,3,0,3,T,1,Arnab Roy F 1 C308,
021490,PHY F342,ATOMIC & MOLECULAR PHY,3,0,3,L,1,RAGHUNATH RATABOLE M W F 2 C308,"15/05/26 (FN) | 15/03/26, | Sunday | 9:30 AM - | 11:00 AM"
021490,PHY F342,ATOMIC & MOLECULAR PHY,3,0,3,T,1,Raghunath Ratabole T 1 C308,
021491,PHY F343,NUCLEAR & PARTICLE PHY,3,0,3,L,1,DEEPAK NARAYANA MURTHY PACHATTU T TH 3 W 10 C308,"08/05/26 (FN) | 11/03/26, | Wednesday | 9:30 AM - | 11:00 AM"
021491,PHY F343,NUCLEAR & PARTICLE PHY,3,0,3,T,1,Deepak Narayana Murthy Pachattu TH 1 C308,
021492,PHY F344,ADVANCED PHYSICS LAB,0,3,3,P,1,"Indrani Chakraborty, Tapanendu Kundu, Yoshiro Azuma, Megha Mishra, Piyush Mahesh Mirani, Gaonkar Shreya Shrikant, Barros Indira, Keerthi C M W 7 8 9",
021492,PHY F344,ADVANCED PHYSICS LAB,0,3,3,P,2,"ETHIRAJULU KANNAN, Swastibrata Bhattacharyya, Megha Mishra, Piyush Mahesh Mirani, Gaonkar Shreya Shrikant, Barros Indira, Keerthi C T TH 7 8 9",
021683,PHY F366,LABORATORY PROJECT,,,3,R,1,INDRANI CHAKRABORTY,
021751,PHY F367,LABORATORY PROJECT,,,3,R,1,INDRANI CHAKRABORTY,
021700,PHY F376,DESIGN PROJECT,,,3,R,1,SWASTIBRATA BHATTACHARYYA,
021767,PHY F377,DESIGN PROJECT,,,3,R,1,SWASTIBRATA BHATTACHARYYA,
021495,PHY F412,INTRODUCTION TO QUANTUM FIELD THEORY,3,1,4,L,1,PRASANTA KUMAR DAS M W F 9 C306,"16/05/26 (AN) | 07/03/26, | Saturday | 2:00 PM - | 3:30 PM"
021495,PHY F412,INTRODUCTION TO QUANTUM FIELD THEORY,3,1,4,P,1,Prasanta Kumar Das,
021499,PHY F416,SOFT CONDENSED MATTER PHYSICS,3,1,4,L,1,INDRANI CHAKRABORTY T TH 10 11 D103,"09/05/26 (AN) | 11/03/26, | Wednesday | 4:00 PM - | 5:30 PM"
021499,PHY F416,SOFT CONDENSED MATTER PHYSICS,3,1,4,P,1,Indrani Chakraborty,
021509,PHY F426,PHYSICS OF SEMICONDUCTOR DEVICES,3,1,4,L,1,SWASTIBRATA BHATTACHARYYA M W F 4 D101,"14/05/26 (FN) | 13/03/26, | Friday | 4:00 PM - | 5:30 PM"
021509,PHY F426,PHYSICS OF SEMICONDUCTOR DEVICES,3,1,4,P,1,Swastibrata Bhattacharyya,
022549,PHY F433,TOPICS IN NONLINEAR OPTICS,3,0,3,L,1,NANDA KUMAR PATINCHARATH M W F 9 D104,"16/05/26 (AN) | 07/03/26, | Saturday | 2:00 PM -"
022863,BIO F101,INTRODUCTION TO BIOLOGICAL SCIENCES,2,1,3,L,1,Indrani Talukdar / Raviprasad Aduri M W 2 LT4,"14/05/26 (AN) | 13/03/26, | Friday | 2:00 PM - | 3:30 PM"
022863,BIO F101,INTRODUCTION TO BIOLOGICAL SCIENCES,2,1,3,L,2,Indrani Talukdar / Raviprasad Aduri T TH 2 LT4,
022863,BIO F101,INTRODUCTION TO BIOLOGICAL SCIENCES,2,1,3,T,1,Aryamav Pattnaik F 2 LT4,
022863,BIO F101,INTRODUCTION TO BIOLOGICAL SCIENCES,2,1,3,T,2,Arundhoti Das F 2 C301,
022863,BIO F101,INTRODUCTION TO BIOLOGICAL SCIENCES,2,1,3,T,3,Sukanta Mondal F 10 LT4,
022863,BIO F101,INTRODUCTION TO BIOLOGICAL SCIENCES,2,1,3,T,4,Rameez Raja F 10 C301,
022863,BIO F101,INTRODUCTION TO BIOLOGICAL SCIENCES,2,1,3,P,1,"Abha Shrivastava, Abhivandita Rana, Athira N, Deepali Shukla M 2 3",
022863,BIO F101,INTRODUCTION TO BIOLOGICAL SCIENCES,2,1,3,P,2,"Dibakar Chakrabarty, Akanksha Rout, Animesh Anand, Joephil Dominic Dias, Keletso Lashani M 4 5",
022863,BIO F101,INTRODUCTION TO BIOLOGICAL SCIENCES,2,1,3,P,3,"SONAL AYAKAR, Anouska Mascarenhas, Gayak Vrunda Prashant, Maheswari Sivaravi, Nickita Dutta M 8 9",
022863,BIO F101,INTRODUCTION TO BIOLOGICAL SCIENCES,2,1,3,P,4,"Utpal Roy, Akanksha Rout, Animesh Anand, Haseeb Ahmad, Israrahmed Adur, Nutan Kumari T 2 3",
022863,BIO F101,INTRODUCTION TO BIOLOGICAL SCIENCES,2,1,3,P,5,"Judith Maria Braganca, Anouska Mascarenhas,Gayak Vrunda Prashant, Jagoree Biswas, Karishma Vikas Jain, Sanjana Rajesh Madkaikar T 4 5",
022863,BIO F101,INTRODUCTION TO BIOLOGICAL SCIENCES,2,1,3,P,6,"Vijayashree Nayak, Abha Shrivastava,Abhivandita Rana, Kishan Khandelwal, Partha Pratim Samanta, Shashank Kashyap T 8 9",
022863,BIO F101,INTRODUCTION TO BIOLOGICAL SCIENCES,2,1,3,P,7,"Tusar Tirtha Saha, Jagoree Biswas, Karishma Vikas Jain, Purvi Ulhas Mishal, Ravva Shiva Sai, Shovan Das W 2 3",
022863,BIO F101,INTRODUCTION TO BIOLOGICAL SCIENCES,2,1,3,P,8,"Angshuman Sarkar, Kishan Khandelwal, Partha Pratim Samanta, Samuel Chowdhury, Saumya Agrawal, Sristi R. Parsekar W 4 5",
022863,BIO F101,INTRODUCTION TO BIOLOGICAL SCIENCES,2,1,3,P,9,"Haseeb Ahmad, Israrahmed Adur, Saumya Tripathi, Shruti Nair, Subrata Das W 8 9",
022863,BIO F101,INTRODUCTION TO BIOLOGICAL SCIENCES,2,1,3,P,10,"Samuel Chowdhury, Saumya Agrawal, Siddhi Premendra Shet, Somashekar.A, Utpal Mallick TH 2 3",
022863,BIO F101,INTRODUCTION TO BIOLOGICAL SCIENCES,2,1,3,P,11,"Saumya Tripathi, Shruti Nair, Soumyajit, Sredha S Sunil, V H Krishnaprasad TH 4 5",
022863,BIO F101,INTRODUCTION TO BIOLOGICAL SCIENCES,2,1,3,P,12,"Rajesh Mehrotra, Purvi Ulhas Mishal, Ravva Shiva Sai, Y Pavani, Yashkumar Rathod, Yukti Singh TH 8 9",
022863,BIO F101,INTRODUCTION TO BIOLOGICAL SCIENCES,2,1,3,P,13,"Akhilesh, Amitabh Debnath, Soumyajit, Sredha S Sunil, Yesoda Bhargava F 2 3",
022863,BIO F101,INTRODUCTION TO BIOLOGICAL SCIENCES,2,1,3,P,14,"Anirvan Komath Majumdar, Antara Poi Raiturker, Y Pavani,Yuga Ghotge, Yukti Singh F 4 5",
022863,BIO F101,INTRODUCTION TO BIOLOGICAL SCIENCES,2,1,3,P,15,"Anushka Lather, Asbern Johnson Franz Dsilva, Siddhi Premendra Shet, Somashekar.A F 8 9",
021423,BIO F215,BIOPHYSICS,3,0,3,L,1,SUMIT BISWAS/ Raviprasad Aduri T TH 3 W 10 C302,"08/05/26 (FN) | 11/03/26, | Wednesday | 9:30 AM - | 11:00 AM"
021423,BIO F215,BIOPHYSICS,3,0,3,T,1,Sumit Biswas/ Raviprasad Aduri T 1 C302,
021941,BIO F216,"WATER, SANITATION AND SOLID WASTE MANAGEMENT",3,0,3,L,1,SRIKANTH MUTNURI TBA,"08/05/26 (AN) | 11/03/26, | Wednesday | 11:30 AM - | 1:00 PM"
021941,BIO F216,"WATER, SANITATION AND SOLID WASTE MANAGEMENT",3,0,3,I,1,"Narkhede Sanvidh Vikas Sandhya, Sristi R. Parsekar, Keyur Kumar Namdev, Karan N, Devika Raghuraj Arsekar, Nidhi Mahawar, Shwetakshi Mishra",
021424,BIO F241,ECOLOGY & ENVIRON SCI,3,0,3,L,1,KUNDAN KUMAR/ Malabika Biswas M W F 5 C404,"02/05/26 (AN) | 12/03/26, | Thursday | 11:30 AM - | 1:00 PM"
021424,BIO F241,ECOLOGY & ENVIRON SCI,3,0,3,T,1,Kundan Kumar/ Malabika Biswas W 7 C404,
021430,BIO F242,INTRO TO BIOINFORMATICS,3,0,3,L,1,SUKANTA MONDAL/ Veeky Baths T TH 3 W 10 C404,"13/05/26 (FN) | 13/03/26, | Friday | 9:30 AM - | 11:00 AM"
021430,BIO F242,INTRO TO BIOINFORMATICS,3,0,3,T,1,Sukanta Mondal/ Veeky Baths M 1 C404,
021425,BIO F243,GENETICS,3,0,3,L,1,RAJESH MEHROTRA/ Malabika Biswas T TH 5 M 10 C404,"07/05/26 (AN) | 10/03/26, | Tuesday | 4:00 PM - | 5:30 PM"
021425,BIO F243,GENETICS,3,0,3,T,1,Rajesh Mehrotra/ Malabika Biswas F 1 C404,
021426,BIO F244,INSTRU METHODS OF ANAL,1,3,4,L,1,"ANASUYA GANGULY, Arundhoti Das, Malabika Biswas, Sandhya Mehrotra, Sonal Ayakar F 7 C404","11/05/26 (FN) | 14/03/26, | Saturday | 9:30 AM - | 11:00 AM"
021426,BIO F244,INSTRU METHODS OF ANAL,1,3,4,P,1,"Anasuya Ganguly, Arundhoti Das, Malabika Biswas, Sandhya Mehrotra, Sonal Ayakar, Manideep Burra,Sohom Adhikari,Kavya Chandra,Pritish Raj Shukla,Gayathri S Kamath,Rodrigues Rizelia Christina, Athira Sasidharan Nair,Pavithra P, Satish Kumar Manjhi, Sk Aktar Ali T TH 7 8 9",
021651,BIO F266,STUDY PROJECT,,,3,R,1,DIBAKAR CHAKRABARTY,
021431,BIO F341,DEVELOPMENTAL BIOLOGY,3,0,3,L,1,DIBAKAR CHAKRABARTY/ Tusar Tirtha Saha T TH 2 F 10 C302,"04/05/26 (FN) | 09/03/26, | Monday | 9:30 AM - | 11:00 AM"
021431,BIO F341,DEVELOPMENTAL BIOLOGY,3,0,3,T,1,Dibakar Chakrabarty/ Tusar Tirtha Saha W 7 C302,
021432,BIO F342,IMMUNOLOGY,3,0,3,L,1,VIJAYASHREE NAYAK/ Meenal Kowshik M W F 2 C302,"15/05/26 (FN) | 15/03/26, | Sunday | 9:30 AM - | 11:00 AM"
021432,BIO F342,IMMUNOLOGY,3,0,3,T,1,Vijayashree Nayak/ Meenal Kowshik TH 1 C302,
021650,BIO F366,LABORATORY PROJECT,,,3,R,1,DIBAKAR CHAKRABARTY,
021736,BIO F367,LABORATORY PROJECT,,,3,R,1,DIBAKAR CHAKRABARTY,
021685,BIO F376,DESIGN PROJECT,,,3,R,1,DIBAKAR CHAKRABARTY,
021752,BIO F377,DESIGN PROJECT,,,3,R,1,DIBAKAR CHAKRABARTY,
021440,BIO F413,MOLECULAR BIOLOGY OF CELL,3,0,3,L,1,INDRANI TALUKDAR/ Aryamav Pattnaik T TH 10 M 7 C304,"09/05/26 (AN) | 11/03/26, | Wednesday | 4:00 PM - | 5:30 PM"
021435,BIO F419,MOLECULAR EVOLUTION,3,0,3,L,1,RAJESH MEHROTRA M W F 8 C304,"05/05/26 (FN) | 09/03/26, | Monday | 4:00 PM - | 5:30 PM"
021436,BIO F421,ENZYMOLOGY,3,0,3,L,1,RAVIPRASAD ADURI/ Sachin Bandopant Talekar M W F 9 C304,"16/05/26 (AN) | 07/03/26, | Saturday | 2:00 PM - | 3:30 PM"
021437,BIO F441,BIOCHEMICAL ENGINEERING,3,0,3,L,1,SACHIN BANDOPANT TALEKAR T TH 10 M 7 C305,"09/05/26 (AN) | 11/03/26, | Wednesday | 4:00 PM - | 5:30 PM"
021710,BIO F491,SPECIAL PROJECT,,,3,R,1,DIBAKAR CHAKRABARTY,
020392,BIO G514,MOLECULAR IMMUNOLOGY,3,2,5,L,1,VIJAYASHREE NAYAK/ Judith Maria Braganca,
022008,BIO G524,ANIMAL CELL TECHNOLOGY,3,2,5,L,1,ANGSHUMAN SARKAR T TH 4 W 1 C304,"12/05/26 (FN) | 14/03/26, | Saturday | 2:00 PM - | 3:30 PM"
020203,BIO G642,EXPERIMENTAL TECHNIQUES,,,4 4,P,1,"TUSAR TIRTHA SAHA, Angshuman Sarkar, Dibakar Chakrabarty, Utpal Roy,K P Sreelakshmi, Maurya Neha ,Rachana Tiwari,Amita Mukhopadhyay,Sneha Bose , Kartik Ramesh Redkar M F 7 8 9",
020956,BIO G643,PLANT BIOTECHNOLOGY,3,2,5,L,1,SANDHYA MEHROTRA/ Kundan Kumar T TH 3 W 10 C304,"04/05/26 (FN) | 09/03/26, | Monday | 9:30 AM - | 11:00 AM"
020956,BIO G643,PLANT BIOTECHNOLOGY,3,2,5,P,1,Sandhya Mehrotra/ Kundan Kumar,
022017,BIO G651,PROTEIN AND ENZYME BIOENGINEERING,3,2,5,L,1,SUMIT BISWAS/ Sukanta Mondal M W F 4 C304,"14/05/26 (FN) | 13/03/26, | Friday | 4:00 PM - | 5:30 PM"
022017,BIO G651,PROTEIN AND ENZYME BIOENGINEERING,3,2,5,P,1,Sumit Biswas/ Sukanta Mondal,
021368,BIOT F345,PROTEOMICS,3,0,3,L,1,SUMIT BISWAS M W F 8 C404,"05/05/26 (FN) | 09/03/26, | Monday | 4:00 PM - | 5:30 PM"
021373,BIOT F347,IMMUNOTECHNOLOGY,3,0,3,L,1,ARYAMAV PATTNAIK/ Vijayashree Nayak T TH 5 M 10 C304,"07/05/26 (AN) | 10/03/26, | Tuesday | 4:00 PM - | 5:30 PM"
021375,BIOT F424,FOOD BIOTECHNOLOGY,3,0,3,L,1,JUDITH MARIA BRAGANCA/ Vijayashree Nayak M W F 9 C305,"16/05/26 (AN) | 07/03/26, | Saturday | 2:00 PM - | 3:30 PM"
021377,BIOT F422,NANOBIOTECHNOLOGY,3,0,3,L,1,MEENAL KOWSHIK/ Uttara Basu M W F 3 C304,"12/05/26 (FN) | 14/03/26, | Saturday | 2:00 PM - | 3:30 PM"
020549,BITS C790T,INDEPENDENT STUDY,,,2,R,1,MANOJ KUMAR PANDEY,
020596,BITS C791T,TEACHING PRACTICE I,,,1,R,1,MANOJ KUMAR PANDEY,
020520,BITS C797T,PH D SEMINAR,,,2,R,1,MANOJ KUMAR PANDEY,
020553,BITS C799T,PH D THESIS,,,10,R,1,MANOJ KUMAR PANDEY,
022120,BITS E573,STUDY IN ADVANCED TOPICS I,,,5,R,1,MANOJ KUMAR PANDEY,
022187,BITS E574,STUDY IN ADV TOPICS II,,,5,R,1,MANOJ KUMAR PANDEY,
022334,BITS E583,CASE STUDIES I,,,5,R,1,MANOJ KUMAR PANDEY,
022128,BITS E593,READING COURSE I,,,5,R,1,MANOJ KUMAR PANDEY,
022101,BITS E661,RESEARCH METHODOLOGY I L 1 REENA CHERUVALATH M W TH 10 A505,,,,,,,
020857,BITS E793T,PRACTICE LECT SERIES I,,,1,R,1,MANOJ KUMAR PANDEY,
023002,BITS F101-2,SOCIAL CONDUCT,,,1,L,1,RAYSON ALEX,
